Drug_ID,Drug,Bio_Marker_Value
"Heptanoic acid, 7-iodo-",O=C(O)CCCCCCI,2.3900025000000005
"2(1H)-Quinazolinone, 4-(3-hydroxyphenyl)-7-methyl-1-(1-methylethyl)-",Cc1ccc2c(-c3cccc(O)c3)nc(=O)n(C(C)C)c2c1,2.6712999999999982
"Heptanoic acid, 2-(4-(3-(2-(trifluoromethyl)-10H-phenothiazin-10-yl)propyl)-1-piperazinyl)ethyl ester",CCCCCCC(=O)OCCN1CCN(CCCN2c3ccccc3Sc3ccc(C(F)(F)F)cc32)CC1,3.8318199999999987
"1-Butanol, 2-ethyl-",CCC(CC)CO,1.6860199999999985
"2,8,9-Trioxa-5-aza-1-silabicyclo(3.3.3)undecane, 1-(m-chlorophenyl)-",Clc1cccc([Si]23OCCN(CCO2)CCO3)c1,3.184410000000001
"Phosphorothioic acid, O,O-dimethyl O-2-quinoxalinyl ester",COP(=S)(OC)Oc1cnc2ccccc2n1,2.782160000000003
"3-Quinolinecarboxylic acid, 1-ethyl-6,8-difluoro-1,4-dihydro-7-(3-methyl-1-piperazinyl)-4-oxo-, (+-)-",CCn1cc(C(=O)O)c(=O)c2cc(F)c(N3CCNC(C)C3)c(F)c21,2.0976100000000004
"8-Quinolinol, 5-nitro-",O=[N+]([O-])c1ccc(O)c2ncccc12,2.0683800000000003
"Acetic acid, (3-phenyl-1,2,4-thiadiazol-5-yl)thio-",O=C(O)CSc1nc(-c2ccccc2)ns1,2.1638700000000006
"Benzenemethanol, 4-chloro-alpha-(4-chlorophenyl)-alpha-methyl- (9CI)",CC(O)(c1ccc(Cl)cc1)c1ccc(Cl)cc1,2.199540000000002
"Aspartimide, N-phthalyl-, (d,l)-",O=C1CC(N2C(=O)c3ccccc3C2=O)C(=O)N1,2.700280000000002
"1H-Pyrazolo(3,4-d)pyrimidine, 4-amino-",Nc1ncnc2[nH]ncc12,2.3834099999999996
"4-Methyl-1-piperazinecarboxylic acid ester with 6-(5-chloro-2-pyridyl)-6,7-dihydro-7-hydroxy-5H-pyrrolo(3,4-b)pyrazin-5-one",CN1CCN(C(=O)OC2c3nccnc3C(=O)N2c2ccc(Cl)cn2)CC1,2.8648799999999994
"5-Benzoxazoleacetic acid, 2-(4-chlorophenyl)-alpha-methyl, (+-)-",CC(C(=O)O)c1ccc2oc(-c3ccc(Cl)cc3)nc2c1,2.7835806666666674
"Dibenz(b,f)oxepin-2-acetic acid, 10,11-dihydro-alpha-methyl-11-oxo-, (2-hydroxyethoxy)ethyl ester, (+-)-",CC(C(=O)OCCOCCO)c1ccc2c(c1)C(=O)Cc1ccccc1O2,3.246810000000005
"Benzeneethanamine, N-ethyl-alpha-methyl-3-(trifluoromethyl)- (9CI)",CCNC(C)Cc1cccc(C(F)(F)F)c1,2.5928500000000008
"Propanenitrile, 3-(ethyl(3-methylphenyl)amino)-",CCN(CCC#N)c1cccc(C)c1,1.930750000000001
"(1,1'-Biphenyl)-4,4'-diamine",Nc1ccc(-c2ccc(N)cc2)cc1,2.846169999999998
"Acetic acid, dichlorophenoxy-, butyl ester",CCCCOC(=O)C(Cl)(Cl)Oc1ccccc1,1.9449933333333334
"Acrylanilide, 2-chloro-4'-methoxy-",C=C(Cl)C(=O)Nc1ccc(OC)cc1,2.0684300000000007
"Benzene, 1,4-dichloro-2-nitro-",O=[N+]([O-])c1cc(Cl)ccc1Cl,2.1941800000000007
"Benzeneacetic acid, 4-chloro-alpha-(4-chlorophenyl)-alpha-hydroxy-, 1-methylethyl ester",CC(C)OC(=O)C(O)(c1ccc(Cl)cc1)c1ccc(Cl)cc1,2.4719400000000014
"1,2,3-Propanetricarboxylic acid, 2-hydroxy-",O=C(O)CC(O)(CC(=O)O)C(=O)O,2.1223319999999988
"10-Chloro-2,3,5,6,7,11b-hexahydro-11b-(o-chlorophenyl)benzo(6,7)-1,4-diazepino-(5,4-b)-oxazol-6-one",O=C1CN2CCOC2(c2ccccc2Cl)c2cc(Cl)ccc2N1,2.6071300000000015
"Aniline, 4-chloro-2,6-dinitro- (8CI)",Nc1c([N+](=O)[O-])cc(Cl)cc1[N+](=O)[O-],2.030490000000001
"(3S,3aS,4S,4aS,6S,8aR,8bR,11S)-6,11-dihydroxy-3-methyl-12-methylene-2-oxo-4a,6-ethano-3,8b-prop-1-enoperhydroindeno(1,2-b)furan-4-carboxylic acid",C=C1CC23CC1(O)CCC2C12C=CC(O)C(C)(C(=O)O1)C2C3C(=O)O,2.7212099999999992
"1-Propanamine, 3-(10,10-dimethyl-9(10H)-anthracenylidene)-N,N-dimethyl- (9CI)",CN(C)CCC=C1c2ccccc2C(C)(C)c2ccccc21,2.3783999999999987
"Pyrrolidine, 1-(2-(4-(3,4-dihydro-7-methoxy-2,2-dimethyl-3-phenyl-2H-1-benzopyran-4-yl)phenoxy)ethyl)-, cis-",COc1ccc2c(c1)OC(C)(C)C(c1ccccc1)C2c1ccc(OCCN2CCCC2)cc1,2.9646999999999997
2-Chloroethyldiethylamine,CCN(CC)CCCl,3.6507700000000023
"Pyrrole, 2,3-bis(p-methoxyphenyl)-5-methyl-",COc1ccc(-c2cc(C)[nH]c2-c2ccc(OC)cc2)cc1,1.9085799999999993
"1H-Purine-2,6-dione, 3,7-dihydro-3-propyl-",CCCn1c(=O)[nH]c(=O)c2[nH]cnc21,2.63043
2-Methyl-3-hydroxy-4-formyl-5-hydroxymethylpyridine-5-calcium phosphate,Cc1ncc(COP(=O)(O)O)c(C=O)c1O,2.4066699999999988
"Propionic acid, 2-(2-(3-acetamido-2,4,6-triiodophenoxy)ethoxy)-",CC(=O)Nc1c(I)cc(I)c(OCCOC(C)C(=O)O)c1I,2.39705
"Benzoic acid, 4-(((4-(diethylamino)phenyl)methylene)amino)-, butyl ester, N-oxide",CCCCOC(=O)c1ccc([N+]([O-])=Cc2ccc(N(CC)CC)cc2)cc1,2.220246666666665
"Carbamic acid, methyl-, o-(1,3-dioxolan-2-yl)phenyl ester",CNC(=O)Oc1ccccc1C1OCCO1,3.4404100000000026
"Propanoic acid, 2-(4-((6-chloro-2-quinoxalinyl)oxy)phenoxy)-, 2-(((1-methylethylidene)amino)oxy)ethyl ester, (R)-",CC(C)=NOCCOC(=O)C(C)Oc1ccc(Oc2cnc3cc(Cl)ccc3n2)cc1,2.5539743333333327
"Benzenemethanol, 2,5-dimethoxy-alpha-(1-((1-methylethyl)amino)ethyl)- (VAN)",COc1ccc(OC)c(C(O)C(C)NC(C)C)c1,2.42196
"Phosphorodithioic acid, S-(chloromethyl) O,O-diethyl ester",CCOP(=S)(OCC)SCCl,3.9001399999999995
"Succinic acid, bis(2-(2-ethoxybutoxy)ethyl) ester",CCC(CC)COCCOC(=O)CCC(=O)OCCOCC(CC)CC,1.7974639999999993
"Phosphorodithioic acid, S-(4,6-dimethyl-2-pyrimidinyl) O-ethyl O-(1-methylethyl) ester (9CI)",CCOP(=S)(OC(C)C)Sc1nc(C)cc(C)n1,3.263419999999997
"Phosphorodithioic acid, S-(2-bromo-1-(1,3-dihydro-1,3-dioxo-2H-isoindol-2-yl)ethyl) O,O-diethyl ester",CCOP(=S)(OCC)SC(CBr)N1C(=O)c2ccccc2C1=O,4.4842
Piperidine,C1CCNCC1,2.1516446666666633
"Ethanol, 2-((1-isobutyl-3,5-dimethylhexyl)oxy)-",CC(C)CC(C)CC(CC(C)C)OCCO,1.6627799999999993
"Carbamic acid, methyl-, o-sec-butylphenyl ester",CCC(C)c1ccccc1OC(=O)NC,3.3314700000000004
"3-Furanilide, 2,4,5-trimethyl-",Cc1oc(C)c(C(=O)Nc2ccccc2)c1C,1.9612500000000006
"Isoquino(2,1-d)(1,4)benzodiazepin-6(7H)-one, 2-chloro-5,9,10,14b-tetrahydro-5-methyl-",CN1C(=O)CN2CCc3ccccc3C2c2cc(Cl)ccc21,2.5125299999999995
"Phosphorothioic acid, O-(2,4-dichloro-5-nitrophenyl) O,O-diethyl ester",CCOP(=S)(OCC)Oc1cc([N+](=O)[O-])c(Cl)cc1Cl,3.8680599999999976
"Triazene, 3,3-dimethyl-1-(p-fluorophenyl)-",CN(C)N=Nc1ccc(F)cc1,2.7393799999999997
"Silane, dimethoxymethyl-",CO[SiH](C)OC,1.4714600000000002
"Piperazine, 1-(1-methylethyl)- (9CI)",CC(C)N1CCNCC1,1.767950000000001
"Phosphonothioic acid, methyl-, O-methyl O-(3-methyl-4-(methylsulfinyl)phenyl) ester",COP(C)(=S)Oc1ccc(S(C)=O)c(C)c1,3.354670000000001
"2,8,9-Trioxa-5-aza-1-silabicyclo(3.3.3)undecane, 1-phenyl-",c1ccc([Si]23OCCN(CCO2)CCO3)cc1,3.2876400000000015
"1H-Indole-3-acetic acid, 1-benzoyl-2-methyl- (9CI)",Cc1c(CC(=O)O)c2ccccc2n1C(=O)c1ccccc1,2.840069999999999
"Phosphorothioic acid, O,O-diethyl ester, O-ester with 6-hydroxy-2-phenyl-3(2H)pyridazinone",CCOP(=S)(OCC)Oc1ccc(=O)n(-c2ccccc2)n1,4.1178099999999995
"Uridine, 5'-deoxy-5-fluoro-",CC1OC(n2cc(F)c(=O)[nH]c2=O)C(O)C1O,2.54049
"Morphinan-6-beta,14-diol, 3,4-dimethoxy-17-methyl-",COc1ccc2c(c1OC)C13CCN(C)C(C2)C1(O)CCC(O)C3,3.531100000000001
"Benzeneacetamide, N,N-dimethyl-alpha-phenyl- (9CI)",CN(C)C(=O)C(c1ccccc1)c1ccccc1,2.3500100000000006
"Silane, tris(2-chloroethoxy)-",ClCCO[SiH](OCCCl)OCCCl,2.8972150000000005
"4H-Pyrido(1,2-a)pyrimidine-3-carboxylic acid, 1,6,7,8,9,9a-hexahydro-1-benzoyl-6-methyl-4-oxo-, ethyl ester",CCOC(=O)C1=CN(C(=O)c2ccccc2)C2CCCC(C)N2C1=O,2.16361
"Propanol, 2-methyl-2-(methylthio)-, O-((methyl(4-morpholinylthio)amino)carbonyl)oxime",CSC(C)(C)C=NOC(=O)N(C)SN1CCOCC1,3.5136200000000013
"Phosphorodithioic acid, O,O-diethyl S-(((1,1-dimethylethyl)thio)methyl) ester",CCOP(=S)(OCC)SCSC(C)(C)C,4.634819999999997
"1-Butanamine, 4,4,4-trifluoro-N-nitroso-N-(4,4,4-trifluorobutyl)-",O=NN(CCCC(F)(F)F)CCCC(F)(F)F,2.5283199999999995
"Phosphoric acid, dimethyl ester, ester with (E)-3-hydroxy-N-methoxy-N-methylcrotonamide",CON(C)C(=O)C=C(C)OP(=O)(OC)OC,4.140800000000004
"4-Thiomorpholinamine, 3-methyl-N-((5-nitro-2-furanyl)methylene)-, 1,1-dioxide",CC1CS(=O)(=O)CCN1N=Cc1ccc([N+](=O)[O-])o1,2.4508199999999998
"Phosphine, ethyldiphenyl-",CCP(c1ccccc1)c1ccccc1,2.2568899999999976
"Acetamide, 2-fluoro-",NC(=O)CF,3.410239999999998
"Carbamic acid, methyl-, 2-methoxy-4-propenylphenyl ester",CC=Cc1ccc(OC(=O)NC)c(OC)c1,3.091530000000002
"Cyclopropanecarboxylic acid, 3-(cyclopentylidenemethyl)-2,2-dimethyl-, (5-(phenylmethyl)-3-furanyl)methyl ester, (1R-trans)-",CC1(C)C(C=C2CCCC2)C1C(=O)OCc1coc(Cc2ccccc2)c1,2.7686258333333336
"Acetamide, 2-(4-chloro-2-methylphenoxy)-N-phenyl-",Cc1cc(Cl)ccc1OCC(=O)Nc1ccccc1,2.6320400000000013
"Hexanedinitrile, octafluoro- (8CI,9CI)",N#CC(F)(F)C(F)(F)C(F)(F)C(F)(F)C#N,2.293489999999998
"Carbamothioic acid, S,S'-(2-(dimethylamino)-1,3-propanediyl) ester (9CI)",CN(C)C(CSC(N)=O)CSC(N)=O,1.88722
Pyrrolidine,C1CCNC1,2.3792399999999976
"Peroxycyclopentane, 3,5-dimethyl-3,5-dihydroxy-",CC1(O)CC(C)(O)OO1,1.9623600000000008
"2-Naphthalenesulfonic acid, 5-amino-",Nc1cccc2cc(S(=O)(=O)O)ccc12,1.6269699999999994
"Maleic anhydride, dihydroxy-, dipropionate",CCC(=O)OC1=C(OC(=O)CC)C(=O)OC1=O,1.5318499999999988
1-(2-Benzyloxyethyl)-4-phenylpiperidine-4-carboxylic acid ethyl ester,CCOC(=O)C1(c2ccccc2)CCN(CCOCc2ccccc2)CC1,3.1667499999999995
"Ethanone, 1-(2,3-dihydro-1,1,2,6-tetramethyl-3-(1-methylethyl)-1H-inden-5-yl)-, trans-",CC(=O)c1cc2c(cc1C)C(C)(C)C(C)C2C(C)C,2.1263399999999986
"Benzeneacetaldehyde, alpha-methyl-",CC(C=O)c1ccccc1,1.794189999999999
"Diacetamide, 2,2'-diiodo-",O=C(CI)NC(=O)CI,2.7549349999999992
"Ethanol, 2,2'-iminobis-",OCCNCCO,1.4898899999999995
"Phosphorodithioic acid, O,O-diethyl ester, S-ester with 3-(mercaptomethyl)-2-benzoxazolinone",CCOP(=S)(OCC)SCn1c(=O)oc2ccccc21,3.9608699999999986
"1-Propanol, 2,3-epoxy-, nitrate",O=[N+]([O-])OCC1CO1,2.419920000000001
"5-Norbornene-2,3-dicarboximide, 5-(alpha-hydroxy-alpha-2-pyridylbenzyl)-N-(2-methoxyethyl)-7-(alpha-2-pyridylbenzylidene)-, endo-",COCCN1C(=O)C2C3C=C(C(O)(c4ccccc4)c4ccccn4)C(C3=C(c3ccccc3)c3ccccn3)C2C1=O,3.9476400000000016
"Acetamide, 2-chloro-N-(2,6-dimethylphenyl)-N-(2-methoxyethyl)-",COCCN(C(=O)CCl)c1c(C)cccc1C,2.217536666666667
"Benzaldehyde, 2-chloro-",O=Cc1ccccc1Cl,2.0699500000000004
"Isocrotononitrile (6CI,7CI)",CC=CC#N,2.487066666666666
"Phosphorodithioic acid, O,O-dimethyl S-((5-(1-methylethyl)-1,3,4-oxadiazol-2-yl)methyl) ester",COP(=S)(OC)SCc1nnc(C(C)C)o1,2.8584599999999996
"Decanoic acid, diester with triethylene glycol (mixed isomers)",CCCCCCCCCC(=O)OCCOCCOCCOC(=O)CCCCCCCCC,1.3193874999999997
"1,3-Benzenediamine",Nc1cccc(N)c1,2.2202500000000005
"Benzimidazole, 2,4-bis(trifluoromethyl)-6-chloro-",FC(F)(F)c1nc2c(C(F)(F)F)cc(Cl)cc2[nH]1,4.6456699999999955
"1,4-Benzenediamine, N,N'-di-2-naphthalenyl-",c1ccc2cc(Nc3ccc(Nc4ccc5ccccc5c4)cc3)ccc2c1,2.042590000000001
"4-(2,6,6-Trimethylcyclohex-1-ene-1-yl)-but-3-ene-2-one",CC(=O)C=CC1=C(C)CCCC1(C)C,1.8764999999999992
"3-Pyridinecarboxamide, N-(2,4-difluorophenyl)-2-(3-(trifluoromethyl)phenoxy)-",O=C(Nc1ccc(F)cc1F)c1cccnc1Oc1cccc(C(F)(F)F)c1,3.0404699999999987
"2-Propen-1-amine, 3-(4-bromophenyl)-N,N-dimethyl-3-(3-pyridinyl)-, (Z)-",CN(C)CC=C(c1ccc(Br)cc1)c1cccnc1,2.861329999999999
Glycine iron sulphate (1:1),NCC(=O)O,1.793539999999999
"2H-1,3,2-Oxazaphosphorine, 2-(bis(2-chloroethyl)amino)-3-(2-chloroethyl)tetrahydro-, 2-oxide",O=P1(N(CCCl)CCCl)OCCCN1CCCl,3.6275400000000007
"Ethanone, 1-(2-nitrophenyl)-",CC(=O)c1ccccc1[N+](=O)[O-],2.02735
"Benzimidazole, 4,7-dichloro-2-(trifluoromethyl)-",FC(F)(F)c1nc2c(Cl)ccc(Cl)c2[nH]1,4.230739999999999
"2-Propenal, phenylhydrazone (9CI)",C=CC=NNc1ccccc1,2.5210000000000004
"(1,2,4,5)Tetrazino(1,2-a)(1,2,4,5)tetrazine, octahydro- (9CI)",C1NNCN2CNNCN12,2.339101000000001
"Propanoic acid, 2-(4-chloro-2-methylphenoxy)-",Cc1cc(Cl)ccc1OC(C)C(=O)O,2.455793333333331
"Benzimidazole, 6-bromo-5-methyl-4-nitro-2-(trifluoromethyl)-",Cc1c(Br)cc2[nH]c(C(F)(F)F)nc2c1[N+](=O)[O-],3.9747000000000026
"2-Thiazoline, 2-(1-naphthylamino)-",c1ccc2c(NC3=NCCS3)cccc2c1,2.98204
"Azelaic acid, cyclic ethylene ester",O=C1CCCCCCCC(=O)OCCO1,1.6988500000000013
"Toluene, o-bromo-alpha,alpha,alpha-trifluoro-",FC(F)(F)c1ccccc1Br,2.1432999999999995
"Benzeneacetaldehyde, 4-(1-methylethyl)-",CC(C)c1ccc(CC=O)cc1,1.8682099999999997
"Phenol, o-t-butyl-4,6-dinitro-, acetate (ester)",CC(=O)Oc1c([N+](=O)[O-])cc([N+](=O)[O-])cc1C(C)(C)C,4.16035547619048
"1,3-Oxathiolan-4-one, 2,5-dimethyl-, O-((methylamino)carbonyl)oxime",CNC(=O)ON=C1SC(C)OC1C,4.2132299999999985
"Carbamic acid, methyl(1-oxobutyl)-, 3-methyl-5-(1-methylethyl)phenyl ester (9CI)",CCCC(=O)N(C)C(=O)Oc1cc(C)cc(C(C)C)c1,2.6547100000000006
"Butyric acid, ester with dimethyl (2,2,2-trichloro-1-hydroxyethyl)phosphonate",CCCC(=O)OC(C(Cl)(Cl)Cl)P(=O)(OC)OC,2.9456100000000016
"1-Butanone, 1-(10-(3-(dimethylamino)propyl)-10H-phenothiazin-2-yl)- (9CI)",CCCC(=O)c1ccc2c(c1)N(CCCN(C)C)c1ccccc1S2,2.850750000000001
"1-Butanol, 3-methoxy-, acetate",COC(C)CCOC(C)=O,1.4123399999999997
"Benzonitrile, 3-methyl-",Cc1cccc(C#N)c1,1.9985119999999994
"Ethanamine, 2-chloro-N-(2-chloroethyl)-N-ethyl-",CCN(CCCl)CCCl,3.6564100000000024
"3,7-Dihydro-7-(5-hydroxyhexyl)-3-methyl-1-propyl-1H-purine-2,6-dione",CCCn1c(=O)c2c(ncn2CCCCC(C)O)n(C)c1=O,2.4613400000000003
Hydrazinecarbothioamide,NNC(N)=S,3.082390000000001
N-Heptanoic acid,CCCCCCC(=O)O,1.2267263333333331
"1-(4-Ethoxyphenyl)-1H-pyrrole-2,5-dione (9CI)",CCOc1ccc(N2C(=O)C=CC2=O)cc1,2.4466899999999994
"Benzimidazol-6-ol, 5-chloro-2-(trifluoromethyl)-",Oc1cc2nc(C(F)(F)F)[nH]c2cc1Cl,4.039509999999997
"Propanoic acid, 2-methyl-, methyl ester",COC(=O)C(C)C,1.709089999999999
"Carbamic acid, (2-chloroethyl)nitroso-, methyl ester",COC(=O)N(CCCl)N=O,3.277989999999999
Decanedioic acid,O=C(O)CCCCCCCCC(=O)O,1.4998425
"Propanoic acid, 2-methyl-2-(4-(1,2,3,4-tetrahydro-1-naphthalenyl)phenoxy)-",CC(C)(Oc1ccc(C2CCCc3ccccc32)cc1)C(=O)O,2.9622899999999994
"Carbonic acid, thio-, O-(2-sec-butyl-4,6-dinitrophenyl) S-propyl ester",CCCSC(=O)Oc1c(C(C)CC)cc([N+](=O)[O-])cc1[N+](=O)[O-],3.4502299999999972
"1,3-Dithietan-delta(2,alpha)-malononitrile (8CI)",N#CC(C#N)=C1SCS1,2.216189999999999
"2H-1,4-Benzodiazepin-2-one, 1,3-dihydro-7-chloro-5-phenyl-1-(2-propynyl)-",C#CCN1C(=O)CN=C(c2ccccc2)c2cc(Cl)ccc21,2.320230000000002
"Carbamic acid, o-sec-butylphenyl ester",CCC(C)c1ccccc1OC(N)=O,2.3230399999999993
"Phosphorodithioic acid, S-2,3-dihydro-1,4-oxathiinyl O,O-dimethyl ester",COP(=S)(OC)SC1CSC=CO1,2.7686599999999997
"Phenol, 2-(1,1-dimethylethyl)-4-methyl-",Cc1ccc(O)c(C(C)(C)C)c1,2.173420000000001
"Benzimidazole, 4-chloro-7-nitro-2-(trifluoromethyl)-",O=[N+]([O-])c1ccc(Cl)c2nc(C(F)(F)F)[nH]c12,4.311690000000001
"1H-Benzimidazole, 5-methoxy-2-(((4-methoxy-3,5-dimethyl-2-pyridinyl)methyl)sulfinyl)-",COc1ccc2[nH]c(S(=O)Cc3ncc(C)c(OC)c3C)nc2c1,2.4855800000000006
"1,2-Butanediol, 2-phenyl-, 1-carbamate",CCC(O)(COC(N)=O)c1ccccc1,2.077830000000001
"1,6-Hexanediamine, N,N,N',N'-tetramethyl-",CN(C)CCCCCCN(C)C,2.364703333333334
"Benzene, (2-methoxyethyl)-",COCCc1ccccc1,1.6920600000000008
"Acetamide, N-(ethoxymethyl)-N-(2-ethyl-6-methylphenyl)-2-hydroxy-",CCOCN(C(=O)CO)c1c(C)cccc1CC,2.292300000000001
"Pyrimidine, 3,4,5,6-tetrahydro-5,5-diethyl-2-(alpha-ethoxybenzyl)-",CCOC(C1=NCC(CC)(CC)CN1)c1ccccc1,2.6955599999999964
"Benzimidazole, 6-bromo-5,7-dichloro-4-methyl-2-(trifluoromethyl)-",Cc1c(Cl)c(Br)c(Cl)c2[nH]c(C(F)(F)F)nc12,4.242220000000004
"Bicyclo(2.2.1)hept-5-ene-2,3-dicarbonyl dichloride, (2-endo,3-exo)- (9CI)",O=C(Cl)C1C2C=CC(C2)C1C(=O)Cl,2.4334500000000006
"Acetamide, N,N'-m-phenylenebis- (6CI,7CI,8CI)",CC(=O)Nc1cccc(NC(C)=O)c1,2.07874
"2-Oxazolidinone, 5-((o-methoxyphenoxy)methyl)-",COc1ccccc1OCC1CNC(=O)O1,2.2120599999999997
"Benzamide, 2-hydroxy-N-(4-hydroxyphenyl)- (9CI)",O=C(Nc1ccc(O)cc1)c1ccccc1O,1.89607
"2(1H)-Pyrimidinone, 4,6-dimethyl-, (1-(2-methylphenyl)ethylidene)hydrazone, (Z)-",CC(=NNc1nc(C)cc(C)n1)c1ccccc1C,2.3695399999999993
"Cyclohexaneacetic acid, 2-propenyl ester",C=CCOC(=O)CC1CCCCC1,2.4556833333333343
"Benzene, 2-chloro-1-methoxy-4-nitro- (9CI)",COc1ccc([N+](=O)[O-])cc1Cl,1.7389500000000004
"Ether, alpha-(bromomethyl)-p-hexylbenzyl 2-ethylhexyl",CCCCCCc1ccc(C(CBr)OCC(CC)CCCC)cc1,3.1451599999999997
"2-Butanone, 3,3-dimethyl-1-(methylsulfinyl)-, O-((methylamino)carbonyl)oxime",CNC(=O)ON=C(CS(C)=O)C(C)(C)C,4.600655000000003
1-Piperidinecarboxaldehyde,O=CN1CCCCC1,1.521311666666667
"Ethanesulfonamide, 2-((((2-chloroethyl)nitrosoamino)carbonyl)amino)-N,N-dimethyl-",CN(C)S(=O)(=O)CCNC(=O)N(CCCl)N=O,3.4141400000000006
"2-Propanol, 1-(2-(2-methoxy-1-methylethoxy)-1-methylethoxy)-",COCC(C)OCC(C)OCC(C)O,1.5523699999999994
"2,3,10,11-Tetrathia-5,8-diazadodecanedithioamide, N,N,N',N'-tetramethyl-4,9-dithioxo- (9CI)",CN(C)C(=S)SSC(=S)NCCNC(=S)SSC(=S)N(C)C,2.6018500000000016
"Phosphorodithioic acid, O,O-diethyl ester",CCOP(=S)(S)OCC,4.010209999999998
"Carbamic acid, methyl-, 1,3,3-trimethyl-2-norbornyl ester",CNC(=O)OC1C2(C)CCC(C2)C1(C)C,2.8656400000000013
"Cyclohexanecarboxylic acid, methyl ester",COC(=O)C1CCCCC1,1.79041
"1,3-Pentanediol, 2,2,4-trimethyl-",CC(C)C(O)C(C)(C)CO,1.5965500000000004
"Morpholine, 4-(2-(5-bromo-2-pentyloxybenzyloxy)ethyl)-",CCCCCOc1ccc(Br)cc1COCCN1CCOCC1,2.4801100000000007
"2(3H)-Benzoxazolone, 6-bromo- (9CI)",O=c1[nH]c2ccc(Br)cc2o1,2.442859999999999
"Phosphorothioic acid, O,O-diethyl O-(4-isothiocyanatophenyl) ester",CCOP(=S)(OCC)Oc1ccc(N=C=S)cc1,4.0700499999999975
"2-Imidazoline, 2-(3,4-dichloro-alpha-ethoxybenzyl)-5,5-dimethyl-",CCOC(C1=NCC(C)(C)N1)c1ccc(Cl)c(Cl)c1,2.8742699999999983
"1-Butanamine, N-butyl-N-nitroso-",CCCCN(CCCC)N=O,2.2141399999999973
"3,5-Pyrazolidinedione, 4-benzyl-1,2-diphenyl-",O=C1C(Cc2ccccc2)C(=O)N(c2ccccc2)N1c1ccccc1,2.37758
"1-Butanamine, N,N-dibutyl-",CCCCN(CCCC)CCCC,2.267191666666667
"Erythromycin, 6-O-methyl-",CCC1OC(=O)C(C)C(OC2CC(C)(OC)C(O)C(C)O2)C(C)C(OC2OC(C)CC(N(C)C)C2O)C(C)(OC)CC(C)C(=O)C(C)C(O)C1(C)O,2.3910700000000005
"Acetamide, 2-chloro-N,N-di-2-propenyl-",C=CCN(CC=C)C(=O)CCl,2.5910399999999987
"Carbamic acid, cyclohexyl ester",NC(=O)OC1CCCCC1,1.6950700000000005
"2-Propenoic acid, 2-ethoxy-2-oxoethyl ester (9CI)",C=CC(=O)OCC(=O)OCC,1.8358000000000003
Propyl alcohol,CCCO,1.5750869047619047
"2-Butenoic acid, 2-methyl-, 7-((2,3-dihydroxy-2-(1-methoxyethyl)-3-methyl-1-oxobutoxy)methyl)-2,3,5,7a-tetrahydro-1H-pyrrolizin-1-yl ester, (1S-(1alpha(Z),7(2S*,3R*),7a alpha))-",CC=C(C)C(=O)OC1CCN2CC=C(COC(=O)C(O)(C(C)OC)C(C)(C)O)C12,2.7493899999999996
"Propanenitrile, 3-((2-hydroxy-1-methyl-2-phenylethyl)methylamino)-",CC(C(O)c1ccccc1)N(C)CCC#N,2.35508
"Theophylline, 7-(p-(dimethylamino)benzyl)-",CN(C)c1ccc(Cn2cnc3c2c(=O)n(C)c(=O)n3C)cc1,2.4231900000000026
"4-Piperidinecarboxylic acid, 1-methyl-4-phenyl-, ethyl ester",CCOC(=O)C1(c2ccccc2)CCN(C)CC1,3.049299999999999
"Acetamide, 2,2'-((2-hydroxyethyl)imino)bis(N-(alpha,alpha-dimethylphenethyl)-N-methyl-",CN(C(=O)CN(CCO)CC(=O)N(C)C(C)(C)Cc1ccccc1)C(C)(C)Cc1ccccc1,2.58078
"Propanoic acid, ethenyl ester",C=COC(=O)CC,1.45339
"Acetic acid, 2-methylpentyl ester",CCCC(C)COC(C)=O,1.3561280000000002
"4H-1,3,2-Benzodioxaphosphorin-2-amine, N,N-dimethyl-6-nitro-, 2-sulfide",CN(C)P1(=S)OCc2cc([N+](=O)[O-])ccc2O1,2.8640299999999983
"Silanamine, N,N'-methane tetraylbis(1,1,1-trimethyl-",C[Si](C)(C)N=C=N[Si](C)(C)C,2.3057999999999987
"Acetic acid, 3-allyloxyallyl ester",C=CCOC=CCOC(C)=O,2.2852400000000004
"Benzenecarbothioamide, 2,6-dichloro- (9CI)",NC(=S)c1c(Cl)cccc1Cl,2.5617000000000014
"Quinazoline, 4-((4-(1,1-dimethylethyl)phenyl)ethoxy)-",CC(C)(C)c1ccc(CCOc2ncnc3ccccc23)cc1,2.2811600000000007
"1,3,5-Triazine-2,4,6-triamine",Nc1nc(N)nc(N)n1,2.24896
"Benzofuran, 2,3-dihydro-2,2-dimethyl-7-(N-(N-methyl-N-butoxycarbonylaminothio)-N-methylcarbamoyloxy)-",CCCCOC(=O)N(C)SN(C)C(=O)Oc1cccc2c1OC(C)(C)C2,3.8761899999999962
"Benzamide, o-chloro- (8CI)",NC(=O)c1ccccc1Cl,2.068900000000001
"Hexanedial, 2-hydroxy-",O=CCCCC(O)C=O,1.9356969999999996
"1H-Imidazol-2-amine, 1-((6-chloro-3-pyridinyl)methyl)-4,5-dihydro-N-nitro-",O=[N+]([O-])N=C1NCCN1Cc1ccc(Cl)nc1,2.49839
"(1,1'-Biphenyl)-2,2'-diol, 5,5'-dichloro-3,3'-dinitro-",O=[N+]([O-])c1cc(Cl)cc(-c2cc(Cl)cc([N+](=O)[O-])c2O)c1O,2.197290000000001
"4,7-Methano-1H-inden-6-ol, 3a,4,5,6,7,7a-hexahydro-",OC1CC2CC1C1CC=CC21,1.9126399999999995
"2-Naphthalenamine, N-phenyl-",c1ccc(Nc2ccc3ccccc3c2)cc1,2.044200000000001
"3-Hexanone, 2-methyl-",CCCC(=O)C(C)C,1.6082299999999992
"1,3,5-Triazine-2,4-diamine, N-ethyl-6-methoxy-N'-(1-methylethyl)- (9CI)",CCNc1nc(NC(C)C)nc(OC)n1,2.5066700000000024
"Urea, (2-isopropyl-4-pentenoyl)-",C=CCC(C(=O)NC(N)=O)C(C)C,2.1603349999999986
Benzenemethanethiol,SCc1ccccc1,2.051969999999999
"2,4-Thiazolidinedione, 5-(3-ethoxy-4-(pentyloxy)phenyl)-",CCCCCOc1ccc(C2SC(=O)NC2=O)cc1OCC,2.3537500000000007
"4H-Pyrido(1,2-a)pyrimidine-3-carboxylic acid, 1,6,7,8,9,9a-hexahydro-6-methyl-4-oxo-, ethyl ester",CCOC(=O)C1=CNC2CCCC(C)N2C1=O,2.29023
"Phosphoric acid, 2,2-dibromo-1-(2,4-dichlorophenyl)ethenyl dimethyl ester",COP(=O)(OC)OC(=C(Br)Br)c1ccc(Cl)cc1Cl,3.4024600000000023
1H-Purin-6-amine,Nc1ncnc2[nH]cnc12,2.34596
"Piperidinium, 1-(2-((hydroxy(octadecyloxy)phosphinyl)oxy)ethyl)-1-methyl-, inner salt",CCCCCCCCCCCCCCCCCCOP(=O)([O-])OCC[N+]1(C)CCCCC1,1.6165900000000002
"Benzimidazole, 4-bromo-5,6,7-trichloro-2-(trifluoromethyl)-",FC(F)(F)c1nc2c(Br)c(Cl)c(Cl)c(Cl)c2[nH]1,5.141689999999998
"Phosphonothioic acid, methyl-, O,S-dipropyl ester",CCCOP(C)(=O)SCCC,4.17605
"Ethylene glycol, dinitrate",O=[N+]([O-])OCCO[N+](=O)[O-],2.3685941666666674
"Piperidine, 1-(1H-benzimidazol-2-ylthio)-",c1ccc2[nH]c(SN3CCCCC3)nc2c1,2.653669999999999
Benzenemethanol,OCc1ccccc1,1.8553799999999998
"Phenol, 2-(((2-chloroethyl)amino)methyl)-4-nitro-",O=[N+]([O-])c1ccc(O)c(CNCCCl)c1,3.6072899999999954
"Acetamide, 2,2-dichloro-N-(2-hydroxy-1-(hydroxymethyl)-2-(4-nitrophenyl)ethyl)-, (theta-(theta,theta))-",O=C(NC(CO)C(O)c1ccc([N+](=O)[O-])cc1)C(Cl)Cl,1.9559099999999987
"Carbamic acid, methyl-, ester with N'-(4-hydroxy-o-tolyl)-N,N-dimethylformamidine (8CI)",CNC(=O)Oc1ccc(N=CN(C)C)c(C)c1,3.6514300000000013
"1-Propyne, 3-bromo-",C#CCBr,2.8694299999999995
"Morpholine, 4-(3-(4-(1,1-dimethylethyl)phenyl)-2-methylpropyl)-2,6-dimethyl-",CC(Cc1ccc(C(C)(C)C)cc1)CN1CC(C)OC(C)C1,2.108689999999998
"Salicylamide, N-(2-methyl-1-phenyl-3-pyrazolin-5-ylidene)-",Cn1ccc(=NC(=O)c2ccccc2O)n1-c1ccccc1,2.41572
"2H-1,4-Benzodiazepin-2-one, 7-chloro-1,3-dihydro-1-methyl-5-phenyl-",CN1C(=O)CN=C(c2ccccc2)c2cc(Cl)ccc21,2.288990000000001
"Urea, N-(3,4-dichlorophenyl)-N'-hydroxy-",O=C(NO)Nc1ccc(Cl)c(Cl)c1,2.3710099999999987
"Propanimidamide, N'-(aminosulfonyl)-3-(((2-((diaminomethylene)amino)-4-thiazolyl)methyl)thio)-",NC(N)=Nc1nc(CSCCC(N)=NS(N)(=O)=O)cs1,2.27204
"2H-1,3-Oxazine-2,4(3H)-dione, 5,5-diethyldihydro-",CCC1(CC)COC(=O)NC1=O,2.470159999999999
"Acetic acid, cyano-, hexyl ester",CCCCCCOC(=O)CC#N,1.479676666666666
"2-Propenoic acid, oxiranylmethyl ester",C=CC(=O)OCC1CO1,2.2013649999999996
"Pseudourea, 1-methyl-2-thio- (7CI)",CNC(N)=S,2.7159199999999997
"1H-Isoindole-1,3(2H)-dione, 2-(cyclohexylthio)-",O=C1c2ccccc2C(=O)N1SC1CCCCC1,2.0955400000000006
"Benzimidazole, 4-bromo-6-tert-butyl-2-(trifluoromethyl)-",CC(C)(C)c1cc(Br)c2nc(C(F)(F)F)[nH]c2c1,4.344139999999999
"Isocyanic acid, methyl ester",CN=C=O,2.287719999999999
"Phosphorothioic acid, O,O-diethyl S-((ethylsulfonyl)methyl) ester",CCOP(=O)(OCC)SCS(=O)(=O)CC,4.829650000000004
"Cyclopentane, tetrachloro-",ClC1CC(Cl)C(Cl)C1Cl,2.665612500000001
"Benzenesulfonic acid, 5-benzoyl-4-hydroxy-2-methoxy-",COc1cc(O)c(C(=O)c2ccccc2)cc1S(=O)(=O)O,1.8098800000000004
"Pyridine, 2,3,5-trichloro-4-(n-propylsulfonyl)-",CCCS(=O)(=O)c1c(Cl)cnc(Cl)c1Cl,2.484440000000001
"Methane, di-p-tolyl-",Cc1ccc(Cc2ccc(C)cc2)cc1,1.681039999999997
"Propionic acid, 3-(trimethylsilyl)- (8CI)",C[Si](C)(C)CCC(=O)O,1.6448450000000003
"Phosphorothioic acid, O,O-dimethyl O-p-menth-1-en-8-yl ester",COP(=S)(OC)OC(C)(C)C1CC=C(C)CC1,2.8906500000000004
Not Available,CCN(CC(=O)OCC(F)(F)F)c1cccc(C)c1,2.0300900000000004
"Indazole, 3-((3-(2,6-dimethylpiperidino)propyl)amino)-",CC1CCCC(C)N1CCCNc1n[nH]c2ccccc12,2.6147399999999994
"1,2-Benzenedicarboxylic acid, diisooctyl ester",CC(C)CCCCCOC(=O)c1ccccc1C(=O)OCCCCCC(C)C,1.1424143611111106
"4H-(1,2,4)Triazolo(4,3-a)(1,4)benzodiazepine, 8-chloro-6-phenyl-",Clc1ccc2c(c1)C(c1ccccc1)=NCc1nncn1-2,2.4712400000000003
"Phenol, 4,4'-(1-methylethylidene)bis-",CC(C)(c1ccc(O)cc1)c1ccc(O)cc1,1.8895199999999985
"Phosphorothioic acid, O,O-diethyl S-(ethylthio)methyl ester",CCOP(=O)(OCC)SCSCC,5.126399999999998
"Pyridine, 5-ethyl-2-methyl-",CCc1ccc(C)nc1,1.9742299999999995
"Benzene, 1-chloro-2-nitro-",O=[N+]([O-])c1ccccc1Cl,2.06126
"Benzoyl chloride, p,p'-oxybis-",O=C(Cl)c1ccc(Oc2ccc(C(=O)Cl)cc2)cc1,1.9557799999999999
"Propanoic acid, 2-(4-((3-chloro-5-(trifluoromethyl)-2-pyridinyl)oxy)phenoxy)-, 2-ethoxyethyl ester",CCOCCOC(=O)C(C)Oc1ccc(Oc2ncc(C(F)(F)F)cc2Cl)cc1,2.5198916666666658
"Phosphorothioic acid, O-(1,6-dihydro-1-ethyl-5-methoxy-6-oxo-4-pyridazinyl) O-ethyl O-(1-methylethyl) ester",CCOP(=S)(Oc1cnn(CC)c(=O)c1OC)OC(C)C,4.429570000000004
"Coumarin, 3-chloro-7-hydroxy-4-methyl-, dibutyl phosphate",CCCCOP(=O)(OCCCC)Oc1ccc2c(C)c(Cl)c(=O)oc2c1,2.722249999999998
"5-Thiazolecarboxamide, 2,4-dimethyl-N-phenyl-",Cc1nc(C)c(C(=O)Nc2ccccc2)s1,2.1243399999999992
"7-Octen-2-ol, 2-methyl-6-methylene-",C=CC(=C)CCCC(C)(C)O,1.9811499999999995
"Carbonic acid, 2,4-dinitrophenyl octyl ester",CCCCCCCCOC(=O)Oc1ccc([N+](=O)[O-])cc1[N+](=O)[O-],2.7317399999999963
"Phosphorothioic acid, O,O-diethyl ester, S-ester with 6-chloro-2-(mercaptomethyl)-5-methyl-3(2H)-pyridazinone",CCOP(=O)(OCC)SCn1nc(Cl)c(C)cc1=O,3.982890000000001
"2-Propanone, 1-(4-methoxyphenyl)-",COc1ccc(CC(C)=O)cc1,2.0211100000000006
"2H-1,4-Benzodiazepin-2-one, 1,3-dihydro-5-(2-fluorophenyl)-1-methyl-7-nitro-",CN1C(=O)CN=C(c2ccccc2F)c2cc([N+](=O)[O-])ccc21,2.23681
"Isocyanic acid, 4-methyl-m-phenylene ester (8CI)",Cc1ccc(N=C=O)cc1N=C=O,1.8777099999999993
"Isocyanic acid, p-isopropenyl-alpha,alpha-dimethylbenzyl ester",C=C(C)c1ccc(C(C)(C)N=C=O)cc1,2.0349400000000006
"Cevane-3,4,6,7,14,15,16,20-octol, 4,9-epoxy-, 6,7-diacetate 3-(2-hydroxy-2-methylbutanoate) 15-(2-methylbutanoate), (3beta(S),4alpha,6alpha,7alpha,15alpha(R),16beta)- (9CI)",CCC(C)C(=O)OC1C(O)C2C(CN3CC(C)CCC3C2(C)O)C2CC34OC5(O)C(OC(=O)C(C)(O)CC)CCC3(C)C5C(OC(C)=O)C(OC(C)=O)C4C21O,3.02858
"Benzenemethanol, 4-methoxy-",COc1ccc(CO)cc1,1.7763542857142878
"1,4-Benzenediamine, N,N'-bis(1,4-dimethylpentyl)-",CC(C)CCC(C)Nc1ccc(NC(C)CCC(C)C)cc1,2.2845599999999995
"Phosphorodithioic acid, O,S,S-trimethyl ester",COP(=O)(SC)SC,3.320076000000002
"Phenol, 3-nitro-",O=[N+]([O-])c1cccc(O)c1,2.4281199999999994
"Aniline, N,p-dinitroso-N-methyl-",CN(N=O)c1ccc(N=O)cc1,2.3932200000000012
"Phenazine, 5-oxide",[O-][n+]1c2ccccc2nc2ccccc21,2.2940400000000003
"Phenol, 3-(diethylamino)-, methylcarbamate (ester) (9CI)",CCN(CC)c1cccc(OC(=O)NC)c1,3.09623
"3,5-Pyrazolidinedione, 1,2-diphenyl-4-(3-oxobutyl)-",CC(=O)CCC1C(=O)N(c2ccccc2)N(c2ccccc2)C1=O,2.8265499999999997
"Pyrimidine, 3,4,5,6-tetrahydro-2-(2-chloro-alpha-ethoxybenzyl)-5,5-dimethyl-",CCOC(C1=NCC(C)(C)CN1)c1ccccc1Cl,3.0278599999999978
"Alanine, N-(6-(ethylamino)-1,4-dihydro-4-oxo-1,3,5-triazin-2-yl)-2-methyl-",CCNc1nc(=O)nc(NC(C)(C)C(=O)O)[nH]1,2.27354
"5H-Dibenzo(a,d)cycloheptene-5-propanamine, N-methyl-",CNCCCC1c2ccccc2C=Cc2ccccc21,2.4374900000000004
"Benzenepropanoic acid, beta-(aminomethyl)-4-chloro-(9CI)",NCC(CC(=O)O)c1ccc(Cl)cc1,3.628960000000001
"1,4-Piperazinediethanol",OCCN1CCN(CCO)CC1,2.506509999999999
"2-Cyclohexen-1-one, 2-methyl-5-(1-methylethenyl)-, (5S)-",C=C(C)C1CC=C(C)C(=O)C1,1.8765600000000004
"DL-Alanine, N-(2,6-dimethylphenyl)-N-(2-furanylcarbonyl)-, methyl ester (9CI)",COC(=O)C(C)N(C(=O)c1ccco1)c1c(C)cccc1C,2.3334400000000004
"2,4(1H,3H)-Pyridinedione, 3,3-diethyl-1-(4-morpholinylmethyl)- (9CI)",CCC1(CC)C(=O)C=CN(CN2CCOCC2)C1=O,2.608889999999999
"2-Butenoic acid, 2,3-dichloro-4-oxo-, (Z)- (9CI)",O=CC(Cl)=C(Cl)C(=O)O,2.4247900000000002
"Phosphorothioic acid, O,O-diethyl ester, S-ester with 2-(mercaptomethyl)-6-methyl-3(2H)-pyridazinone",CCOP(=O)(OCC)SCn1nc(C)ccc1=O,4.3862999999999985
Cyanamide,N#CN,2.6194129999999984
"Benzoic acid, 4-(4-acetyl-3-iodophenoxy)-3,5-diiodo-",CC(=O)c1ccc(Oc2c(I)cc(C(=O)O)cc2I)cc1I,2.5193800000000004
Valinomycin,CC1OC(=O)C(C(C)C)NC(=O)C(C(C)C)OC(=O)C(C(C)C)NC(=O)C(C)OC(=O)C(C(C)C)NC(=O)C(C(C)C)OC(=O)C(C(C)C)NC(=O)C(C)OC(=O)C(C(C)C)NC(=O)C(C(C)C)OC(=O)C(C(C)C)NC1=O,1.664819999999999
"Carbamic acid, 2-((mercaptomethyl)thio)ethyl ester, S-ester with O,O- dimethyl phosphorodithioate",COP(=S)(OC)SCSCCOC(N)=O,3.38833
"Benzothiazole, 6-nitro-2-(p-nitrobenzoylamino)-",O=C(Nc1nc2ccc([N+](=O)[O-])cc2s1)c1ccc([N+](=O)[O-])cc1,2.732180000000001
"3H-Pyrazol-3-one, 1,2-dihydro-4-iodo-1,5-dimethyl-2-phenyl-",Cc1c(I)c(=O)n(-c2ccccc2)n1C,2.31078
"1-Butanol, 3-methyl-, formate",CC(C)CCOC=O,1.60501
"Cyclopropanecarboxylic acid, 2,2-dimethyl-3-(1,2,2,2-tetrabromoethyl)-, alpha-cyano(3-phenoxyphenyl)methyl ester, (1R-cis-(1alpha(S*),3alpha(RS*)))-",CC1(C)C(C(=O)OC(C#N)c2cccc(Oc3ccccc3)c2)C1C(Br)C(Br)(Br)Br,3.805586904761907
"Ethane, 1,1,1-trichloro-",CC(Cl)(Cl)Cl,1.8000999999999996
"Propene, 3-chloro-2-fluoro-",C=C(F)CCl,2.2826399999999993
"Acetic acid, ethylnitrosaminomethyl ester",CCN(COC(C)=O)N=O,2.2615000000000025
"Benzamide, 5-acetyl-2-hydroxy-",CC(=O)c1ccc(O)c(C(N)=O)c1,2.095979999999999
"Benzamide, N,N-diethyl-2-hydroxy-3-methoxy-",CCN(CC)C(=O)c1cccc(OC)c1O,2.624340000000001
"1,1-Ethenediamine, N-((6-chloro-3-pyridinyl)methyl)-N-ethyl-N'-methyl-2-nitro-, (1E)-",CCN(Cc1ccc(Cl)nc1)C(=C[N+](=O)[O-])NC,2.38302
"Retinoic acid, all-trans-",CC(C=CC1=C(C)CCCC1(C)C)=CC=CC(C)=CC(=O)O,2.0027
"Methanone, (2,3,4-trihydroxyphenyl)(3,4,5-trihydroxyphenyl)-",O=C(c1cc(O)c(O)c(O)c1)c1ccc(O)c(O)c1O,2.261
"4H-1,2,4-Triazole, 4-amino-",Nn1cnnc1,2.0595610000000004
"Acetic acid, fluoro-, ethylene ester",O=C(CF)OCCOC(=O)CF,3.0987349999999974
"Thiazolidine, 2-(nitromethylene)-3-(phenylmethyl)-",O=[N+]([O-])C=C1SCCN1Cc1ccccc1,2.43918
"Cyclotetrasiloxane, octamethyl-",C[Si]1(C)O[Si](C)(C)O[Si](C)(C)O[Si](C)(C)O1,1.8520100000000006
"1-Propanol, 3-(1-methylethoxy)- (9CI)",CC(C)OCCCO,1.3070741666666665
"(1)-1,5-Dimethylhexylamine",CC(C)CCCC(C)N,2.461380000000001
"2,7-(Epoxypentadeca(1,11,13)trienimino)benzofuro(4,5-a)phenazine-1,15(2H)-dione, 5,6,21,23,25-pentahydroxy-27-methoxy-2,4,16,20,22,24,26-heptamethyl-, 25-acetate",COC1C=COC2(C)Oc3c(C)c(O)c4c(O)c(c5nc6ccccc6nc5c4c3C2=O)NC(=O)C(C)=CC=CC(C)C(O)C(C)C(O)C(C)C(OC(C)=O)C1C,2.3593400000000004
"2H-Indazol-3-amine, 4,5,6,7-tetrahydro-N,2-dimethyl-",CNc1c2c(nn1C)CCCC2,2.3784199999999993
"Carbamic acid, acetylmethyl-, 4-(methylthio)-3,5-xylyl ester",CSc1c(C)cc(OC(=O)N(C)C(C)=O)cc1C,2.355050000000002
"Carbamic acid, (8-(4-morpholinyl)octyl)-, 1,2,3,3a,8,8a-hexahydro-1,3a,8-trimethylpyrrolo(2,3-b)indol-5-yl ester, (3aS-cis)-",CN1CCC2(C)c3cc(OC(=O)NCCCCCCCCN4CCOCC4)ccc3N(C)C12,4.116029999999997
"Ethanesulfonamide, 2-((((2-chloroethyl)nitrosoamino)carbonyl)amino)-N-methyl-",CNS(=O)(=O)CCNC(=O)N(CCCl)N=O,3.550279999999999
"1H-Azepine-1-carbothioic acid, hexahydro-, S-ethyl ester",CCSC(=O)N1CCCCCC1,1.974590000000001
"1(2H)-Pyrimidinecarboxamide, 3,4-dihydro-2,4-dioxo-5-fluoro-N-hexyl-",CCCCCCNC(=O)n1cc(F)c(=O)[nH]c1=O,2.3018799999999984
"Acetic acid, 2-(4-aminophenyl)hydrazide",CC(=O)NNc1ccc(N)cc1,2.159049999999999
"Acetic acid, (o-(2,6-dichloro-4-hydroxyanilino)phenyl)-",O=C(O)Cc1ccccc1Nc1c(Cl)cc(O)cc1Cl,2.7163499999999967
Acetamide,CC(N)=O,1.6915399999999996
"3-(3,5-Dichlorophenyl)-1,5-dimethyl-3-azabicyclo(3.1.0)hexane-2,4-dione",CC12CC1(C)C(=O)N(c1cc(Cl)cc(Cl)c1)C2=O,2.1541400000000017
"2,4-Pentanedione",CC(=O)CC(C)=O,1.4540700000000004
"Phosphorodithioic acid, O-ethyl S-propyl ester, S-ester with 6-chloro-3-(mercaptomethyl)oxazolo(4,5-b)pyridin-2(3H)-one",CCCSP(=O)(OCC)SCn1c(=O)oc2cc(Cl)cnc21,3.5711700000000026
"2H-Furo(2,3-h)(1)benzopyran-2-one",O=c1ccc2ccc3occc3c2o1,2.33868
"1-Propene, 3-bromo-",C=CCBr,2.96558
"Acetic acid, 2-(8-chloromethyl-1-naphthylthio)-",O=C(O)CSc1cccc2cccc(CCl)c12,2.210350000000001
"Carbonic acid, thio-, O-(2-sec-butyl-4,6-dinitrophenyl) S-methyl ester",CCC(C)c1cc([N+](=O)[O-])cc([N+](=O)[O-])c1OC(=O)SC,3.537889999999998
"1,4:7,10-Dimethanodibenzo(a,e)cyclooctane, 1,2,3,4,7,8,9,10,13,13,14,14-dodecachloro-1,4,4a,5,6,6a,7,10,10a,11,12,12a-dodecahydro-",ClC1=C(Cl)C2(Cl)C3CCC4C(CCC3C1(Cl)C2(Cl)Cl)C1(Cl)C(Cl)=C(Cl)C4(Cl)C1(Cl)Cl,2.717480000000001
"2H-1,4-Benzodiazepin-2-one, 1,3-dihydro-1-methyl-7-nitro-5-phenyl-",CN1C(=O)CN=C(c2ccccc2)c2cc([N+](=O)[O-])ccc21,2.30808
"Phosphoric acid, tris(2-methylphenyl) ester",Cc1ccccc1OP(=O)(Oc1ccccc1C)Oc1ccccc1C,2.5957500000000007
"1H-Imidazole, 2-methyl-4-nitro-1-(4-nitrophenyl)- (9CI)",Cc1nc([N+](=O)[O-])cn1-c1ccc([N+](=O)[O-])cc1,2.2174899999999997
"Propionic acid, 2,2-dichloro-, 2-(2,4,5-trichlorophenoxy)ethyl ester",CC(Cl)(Cl)C(=O)OCCOc1cc(Cl)c(Cl)cc1Cl,2.3782599999999996
"Carbamodithioic acid, dimethyl-, ethyl ester (9CI)",CCSC(=S)N(C)C,2.493849999999999
"Prosta-2,13-dien-1-oic acid, 11,15-dihydroxy-16,16-dimethyl-9-oxo-, methyl ester, (2E,11alpha,13E,15R)-",CCCCC(C)(C)C(O)C=CC1C(O)CC(=O)C1CCCCC=CC(=O)OC,3.326670000000001
"1,6-Hexanediamine, N,N'-bis(2,2,6,6-tetramethyl-4-piperidinyl)-",CC1(C)CC(NCCCCCCNC2CC(C)(C)NC(C)(C)C2)CC(C)(C)N1,2.182495833333333
"Ethane, 1,1'-(oxybis(methylenesulfonyl))bis(2-chloro-",O=S(=O)(CCCl)COCS(=O)(=O)CCCl,3.0962800000000006
"Cyclohex-1,4-ylenedimethanol",OCC1CCC(CO)CC1,1.90036
"Benzimidazole, 7-nitro-4,5,6-trichloro-2-(trifluoromethyl)-",O=[N+]([O-])c1c(Cl)c(Cl)c(Cl)c2nc(C(F)(F)F)[nH]c12,4.525780000000003
"2-Propenoic acid, 2-methyl-",C=C(C)C(=O)O,2.09638
"Propanoic acid, 2-methyl-, 4-(1-piperidinyl)cyclohexyl ester (9CI)",CC(C)C(=O)OC1CCC(N2CCCCC2)CC1,2.0042499999999985
"Benzimidazole, 4-(dimethylamino)-5,6,7-trichloro-2-(trifluoromethyl)-",CN(C)c1c(Cl)c(Cl)c(Cl)c2[nH]c(C(F)(F)F)nc12,4.487229999999999
"Phosphorochloridothioic acid, O,O-dimethyl ester",COP(=S)(Cl)OC,2.7870699999999986
"Glycine, N-(phosphonomethyl)-",O=C(O)CNCP(=O)(O)O,2.029189999999998
"Cyclohexanamine, N-butyl-",CCCCNC1CCCCC1,2.3765800000000015
"m-Dioxane-4-ethanol, 4-methyl-",CC1(CCO)CCOCO1,1.65372
"Glycine, N,N-diisobutyl-, 2-(5-nitrofurfurylidene)hydrazide",CC(C)CN(CC(=O)NN=Cc1ccc([N+](=O)[O-])o1)CC(C)C,2.8946300000000007
"4H-Pyrido(1,2-a)pyrimidine-3-propanoic acid, 9-((4-acetyl-3-hydroxy-2-propylphenoxy)methyl)-4-oxo-",CCCc1c(OCc2cccn3c(=O)c(CCC(=O)O)cnc23)ccc(C(C)=O)c1O,2.2538299999999984
"Aziridine, 1,1',1''-phosphinylidynetris(2-methyl-",CC1CN1P(=O)(N1CC1C)N1CC1C,2.2440100000000007
"5-Heptenoic acid, 7-(3-hydroxy-2-(3-hydroxy-1-octenyl)-5-oxocyclopentyl)- (8CI)",CCCCCC(O)C=CC1C(O)CC(=O)C1CC=CCCCC(=O)O,3.1944900000000023
"Ethanol, 1,1'-((1-((2-methylphenoxy)methyl)-1,2-ethanediyl)bis(oxy))bis(2,2,2-trichloro- (9CI)",Cc1ccccc1OCC(COC(O)C(Cl)(Cl)Cl)OC(O)C(Cl)(Cl)Cl,2.219450000000001
"1,2,3-Propanetriamine, N(sup 1),N(sup 3)-bis(2-ethylhexyl)-N(sup 1),2-dimethyl-",CCCCC(CC)CNCC(C)(N)CN(C)CC(CC)CCCC,2.5443099999999985
"2(1H)-Quinolinone, 3,4-dihydro-6-(3-(4-phenyl-1-piperazinyl)propyl)-",O=C1CCc2cc(CCCN3CCN(c4ccccc4)CC3)ccc2N1,2.901539999999999
"Benzimidazole, 6-bromo-5-chloro-4-methyl-2-(trifluoromethyl)-",Cc1c(Cl)c(Br)cc2[nH]c(C(F)(F)F)nc12,4.244010000000002
"Ethanone, 1-(2,4-dichlorophenyl)-2-(3-pyridinyl)-, O-methyloxime",CON=C(Cc1cccnc1)c1ccc(Cl)cc1Cl,2.3114300000000005
"Sorbitan, esters, monododecanoate",CCCCCCCCCCCC(=O)OCC(O)C1OCC(O)C1O,1.290826666666667
"1-Butanamine, 4-(diethoxymethylsilyl)-",CCO[Si](C)(CCCCN)OCC,1.980474000000002
2-Pentanone,CCCC(C)=O,1.6231699999999998
"Thiocyanic acid, 4-(dimethylamino)phenyl ester (9CI)",CN(C)c1ccc(SC#N)cc1,2.4826199999999985
"Pyrazolo(1,5-a)pyrimidine-6-carboxylic acid, 2-hydroxy-5-methyl-, ethyl ester, O-ester with O,O-diethyl phosphorothioate (8CI)",CCOC(=O)c1cn2nc(OP(=S)(OCC)OCC)cc2nc1C,4.07648
"Phosphorodithioic acid, O,O-dimethyl S-((5-(ethylthio)-1,3,4-thiadiazol-2-yl)methyl) ester",CCSc1nnc(CSP(=S)(OC)OC)s1,2.529079999999999
"3-Buten-2-one, 4-(2,6,6-trimethyl-2-cyclohexen-1-yl)-, (3E)-",CC(=O)C=CC1C(C)=CCCC1(C)C,1.970099999999999
"Ethanol, 2,2'-oxybis-, dibenzoate",O=C(OCCOCCOC(=O)c1ccccc1)c1ccccc1,1.623605000000001
"Phosphorothioic acid, O,O-diethyl S-isopropyl ester",CCOP(=O)(OCC)SC(C)C,3.982880000000001
"2,4-Dimethoxyaniline hydrochloride",COc1ccc(N)c(OC)c1,2.07546
"2,5-Methano-2H-indeno(1,2-b)oxirene, 2,3,4,5,6,7,7-heptachloro-1a,1b,5,5a,6,6a-hexahydro-, (1aalpha,1bbeta,2alpha,5alpha,5abeta,6beta,6aalpha)-",ClC1=C(Cl)C2(Cl)C3C4OC4C(Cl)C3C1(Cl)C2(Cl)Cl,4.223078333333333
"2,3-Naphthalenediol, 5-(3-((1,1-dimethylethyl)amino)-2-hydroxypropoxy)-1,2,3,4-tetrahydro-, cis-",CC(C)(C)NCC(O)COc1cccc2c1CC(O)C(O)C2,2.64236
"1H-Imidazole-4-carboxamide, 5-(3,3-bis(2-chloroethyl)-1-triazenyl)- (9CI)",NC(=O)c1nc[nH]c1N=NN(CCCl)CCCl,3.169656130952382
"7-Dodecen-1-ol, acetate, (7Z)-",CCCCC=CCCCCCCOC(C)=O,1.274276833333333
"Urea, N-(4-nitrophenyl)-N'-(3-pyridinylmethyl)-",O=C(NCc1cccnc1)Nc1ccc([N+](=O)[O-])cc1,2.420958333333332
"Fumaric acid, dihydroxy-, dimethyl ester",COC(=O)C(O)=C(O)C(=O)OC,1.7172799999999997
"Phosphoric acid, 2-chloro-1-(2,5-dichlorophenyl)vinyl diethyl ester (8CI)",CCOP(=O)(OCC)OC(=CCl)c1cc(Cl)ccc1Cl,4.05481
"6-Hydroxy-1,3-benzoxathiol-2-one",O=c1oc2cc(O)ccc2s1,2.264670000000001
"Oxirane, 2-(3,5-dichlorophenyl)-2-(2,2,2-trichloroethyl)-",Clc1cc(Cl)cc(C2(CC(Cl)(Cl)Cl)CO2)c1,2.506285
"Oxiranemethanamine, N-(oxiranylmethyl)-N-phenyl-",c1ccc(N(CC2CO2)CC2CO2)cc1,1.9305999999999992
"Benzeneacetonitrile, alpha-hydroxy-3-phenoxy-, (alphaS)-",N#CC(O)c1cccc(Oc2ccccc2)c1,2.480589999999999
"2-Propenoic acid, 2-methyl-, 1,2-ethanediyl ester",C=C(C)C(=O)OCCOC(=O)C(=C)C,1.4160799999999991
"2H-1,2,4-Benzothiadiazine-7-sulfonamide, 6-chloro-3,4-dihydro-, 1,1-dioxide",NS(=O)(=O)c1cc2c(cc1Cl)NCNS2(=O)=O,2.80620613095238
"Cyclohexanone, 2-methyl-2-nitro-, O-(methylcarbamoyl)oxime",CNC(=O)ON=C1CCCCC1(C)[N+](=O)[O-],4.587999999999999
"Phenol, 2,6-dimethoxy-",COc1cccc(OC)c1O,2.1645699999999994
"Crotonanilide, 4'-hydroxy-3-methyl-",CC(C)=CC(=O)Nc1ccc(O)cc1,2.1353200000000014
"4H-(1,2,4)Triazolo(4,3-a)(1,4)benzodiazepine, 8-chloro-1-methyl-6-phenyl-",Cc1nnc2n1-c1ccc(Cl)cc1C(c1ccccc1)=NC2,2.37095
"2-Benzofuranmethanol, 7-(2-hydroxy-3-(isopropylamino)propoxy)-alpha-methyl-",CC(C)NCC(O)COc1cccc2cc(C(C)O)oc12,2.5136299999999996
"Acetic acid, ((4-amino-3,5-dichloro-6-fluoro-2-pyridinyl)oxy)-, 1-methylheptyl ester",CCCCCCC(C)OC(=O)COc1nc(F)c(Cl)c(N)c1Cl,2.4393800000000017
"Propionic acid, benzyl ester (6CI,7CI,8CI)",CCC(=O)OCc1ccccc1,1.77614
"s-Triazine, 2-amino-4-(m-chloroanilino)-",Nc1ncnc(Nc2cccc(Cl)c2)n1,2.217829999999999
"1,3,2-Dioxathiane, 5,5-dimethyl-, 2,2-dioxide",CC1(C)COS(=O)(=O)OC1,1.72526
"Butanenitrile, 2-hydroxy-4-(methylthio)-",CSCCC(O)C#N,3.098415
"Butane, 1,4-dichloro-2,3-epoxy-",ClCC1OC1CCl,2.82977
"Carbamic acid, methyl ester",COC(N)=O,1.7939099999999997
Methanesulphonyl chloride,CS(=O)(=O)Cl,2.7600799999999994
"Carbamic acid, ((4-chlorophenyl)thio)methyl-, 2,3-dihydro-2,2-dimethyl-7-benzofuranyl ester",CC1(C)Cc2cccc(OC(=O)NCSc3ccc(Cl)cc3)c2O1,3.7778599999999996
"Ethanol, 2-chloro-",OCCCl,2.479565
"Piperazine, 1-(2-(dimethylamino)ethyl)-4-methyl-",CN(C)CCN1CCN(C)CC1,2.2231949999999987
"Propane, 1-(allyloxy)-2,3-epoxy- (8CI)",C=CCOCC1CO1,2.2383199999999994
"1-Butanone, 1-(4-aminophenyl)-",CCCC(=O)c1ccc(N)cc1,2.7718900000000013
L-Ascorbic acid,O=C1OC(C(O)CO)C(O)=C1O,2.0342499999999997
Benzaldehyde,O=Cc1ccccc1,1.8185000000000004
"2-Pentanone, 5-(acetyloxy)-1-bromo- (9CI)",CC(=O)OCCCC(=O)CBr,2.014230000000001
"4,7,10,13,16,19-Docosahexaenoic acid",CCC=CCC=CCC=CCC=CCC=CCC=CCCC(=O)O,1.5043999999999988
"Phosphorothioic acid, O-ethyl S-(4-methylphenyl) ester (9CI)",CCOP(=O)(O)Sc1ccc(C)cc1,2.5551899999999983
"Phosphorodithioic acid, S-((6-chloro-2-oxo-3(2H)-benzoxazolyl)methyl) O,O-diethyl ester",CCOP(=S)(OCC)SCn1c(=O)oc2cc(Cl)ccc21,3.892420000000001
"Carbamic acid, (10-(1-piperidinyl)decyl)-, 1,2,3,3a,8,8a-hexahydro-1,3a,8-trimethylpyrrolo(2,3-b)indol-5-yl ester, (3aS-cis)-",CN1CCC2(C)c3cc(OC(=O)NCCCCCCCCCCN4CCCCC4)ccc3N(C)C12,4.20883
"2,4-Hexanediol",CC(O)CCC(C)O,1.4912299999999998
"3-Thiophenamine, tetrahydro-, 1,1-dioxide",NC1CCS(=O)(=O)C1,2.0831100000000005
"Isovaleric acid, 2-bromo-, 2,2,2-tribromoethyl ester",CC(C)C(Br)C(=O)OCC(Br)(Br)Br,2.250700000000001
"Cyclohexanone, 4-methyl-",CC1CCC(=O)CC1,1.6540999999999997
"Phosphorodithioic acid, O,O-dimethyl ester, S-ester with 2-(mercaptomethyl)-6-methyl-3(2H)-pyridazinone",COP(=S)(OC)SCn1nc(C)ccc1=O,4.279929999999997
"1-Piperazineethanol, 4-(3-(2-chloro-10H-phenothiazin-10-yl)propyl)-",OCCN1CCN(CCCN2c3ccccc3Sc3ccc(Cl)cc32)CC1,2.6116800000000002
"Pyridine, 2-amino-",Nc1ccccn1,2.4534399999999996
"Propanoic acid, 2-methyl-",CC(C)C(=O)O,1.5849199999999997
"1,4-Naphthalenedione, 5-hydroxy-2-methyl- (9CI)",CC1=CC(=O)c2c(O)cccc2C1=O,2.6661100000000015
"Propanoic acid, butyl ester",CCCCOC(=O)CC,1.2369200000000005
"Phosphoric acid, 3-chloro-4-nitrophenyl dimethyl ester",COP(=O)(OC)Oc1ccc([N+](=O)[O-])c(Cl)c1,3.24773
"Butanenitrile, 4-(triethoxysilyl)-",CCO[Si](CCCC#N)(OCC)OCC,1.6644799999999995
"Acetic acid, (p-acetamidophenyl)- (6CI,8CI)",CC(=O)Nc1ccc(CC(=O)O)cc1,2.0339300000000016
"4H-Indol-4-one, 1,5,6,7-tetrahydro-5-(1,4-dioxa-8-azaspiro(4.5)dec-8-ylmethyl)-3-ethyl-2-methyl-",CCc1c(C)[nH]c2c1C(=O)C(CN1CCC3(CC1)OCCO3)CC2,3.0676900000000002
"Hexanoic acid, 6-chloro-",O=C(O)CCCCCCl,1.7475045714285722
"Butanedioic acid, sulfo-, 1,4-dioctyl ester (9CI)",CCCCCCCCOC(=O)CC(C(=O)OCCCCCCCC)S(=O)(=O)O,1.4640216666666668
"Ethanol, 2-(2-methylpropoxy)-",CC(C)COCCO,1.5319199999999997
"Benzene, 1,2-dichloro-",Clc1ccccc1Cl,2.03475
"Cyclohexene, 4-vinyl- (8CI)",C=CC1CC=CCC1,2.0696200000000013
"1H-Indole-3-acetic acid, 1-(4-chlorobenzoyl)-5-methoxy-2-methyl-, 2-carboxy-2-phenylethyl ester, (+-)-",COc1ccc2c(c1)c(CC(=O)OCC(C(=O)O)c1ccccc1)c(C)n2C(=O)c1ccc(Cl)cc1,3.445639999999996
"Carbonic acid, dithio-, anhydrosulfide, O,O-dibutyl ester",CCCCOC(=S)SC(=S)OCCCC,2.3986199999999998
"Phosphorodithioic acid, S-(6-chloro-3,4-dihydro-2H-1-benzothiopyran-4-yl) O,O-dimethyl ester",COP(=S)(OC)SC1CCSc2ccc(Cl)cc21,3.5250199999999983
"Ethanol, 2-iodo-",OCCI,1.9512733333333327
"Ether, dicyclopentyl",C1CCC(OC2CCCC2)C1,1.7864000000000007
"delta(sup 2)-1,3,4-Oxadiazolin-5-one, 2-methoxy-4-(o-methoxyphenyl)-",COc1nn(-c2ccccc2OC)c(=O)o1,2.3693999999999997
"Benzoic acid, 5-chloro-2-hydroxy-",O=C(O)c1cc(Cl)ccc1O,2.2959000000000014
"4,7-Methanoisobenzofuran-5(3H)-one, 1,3,4,6,7,8,8-heptachlorohexahydro-",O=C1C(Cl)C2(Cl)C3C(Cl)OC(Cl)C3C1(Cl)C2(Cl)Cl,3.9865999999999993
"2(1H)-Quinazolinone, 6-chloro-1-(cyclopropylmethyl)-4-phenyl-",O=c1nc(-c2ccccc2)c2cc(Cl)ccc2n1CC1CC1,2.278200000000001
"1-Propanol, 2-chloro-, phosphate (3:1)",CC(Cl)COP(=O)(OCC(C)Cl)OCC(C)Cl,2.41367
"Pteridine, 2,4,7-triamino-6-phenyl-",Nc1nc(N)c2nc(-c3ccccc3)c(N)nc2n1,2.4538699999999993
"Ethanol, 2-mercapto-",OCCS,1.9182900000000007
"2-Propenoic acid, 2-methylpropyl ester",C=CC(=O)OCC(C)C,1.9578500000000012
D-Glucose,OCC1OC(O)C(O)C(O)C1O,1.52898
"1-Piperidinecarbothioic acid, (5-nitrofurfurylidene)hydrazide",O=[N+]([O-])c1ccc(C=NNC(=S)N2CCCCC2)o1,2.5935833333333336
"Silane, trichloro-3-cyclohexen-1-yl-",Cl[Si](Cl)(Cl)C1CC=CCC1,2.1773208333333347
"2-Butanone, 3-methylsulfonyl-, O-(N-methylcarbamoyl)oxime",CNC(=O)ON=C(C)C(C)S(C)(=O)=O,3.8098900000000033
"Glycine, N,N-dimethyl-, ((6-methylimidazo(2,1-b)thiazol-5-yl)methylene)hydrazide",Cc1nc2sccn2c1C=NNC(=O)CN(C)C,2.3699500000000007
"1-Piperazinecarboxylic acid, 4-methyl-, (5-nitrofurfurylidene)hydrazide",CN1CCN(C(=O)NN=Cc2ccc([N+](=O)[O-])o2)CC1,2.654129999999999
"4H-Pyrrolo(3,2,1-ij)quinolin-4-one, 1,2,5,6-tetrahydro-",O=C1CCc2cccc3c2N1CC3,2.5439271428571426
"2,8,9-Trioxa-5-aza-1-silabicyclo(3.3.3)undecane, 1-(p-chlorophenyl)-",Clc1ccc([Si]23OCCN(CCO2)CCO3)cc1,3.2616
"2-Pyridinecarboxylic acid, 4-amino-3,5,6-trichloro-",Nc1c(Cl)c(Cl)nc(C(=O)O)c1Cl,2.0420900000000004
"Pentanoic acid, 4-(1-piperidinyl)cyclohexyl ester (9CI)",CCCCC(=O)OC1CCC(N2CCCCC2)CC1,2.046949999999998
2-Propynoic acid,C#CC(=O)O,2.164931666666665
"Benzoic acid, 2-((7-chloro-4-quinolinyl)amino)-, 2,3-dihydroxypropyl ester",O=C(OCC(O)CO)c1ccccc1Nc1ccnc2cc(Cl)ccc12,2.5159699999999994
"Benzenemethanol, alpha-butyl-",CCCCC(O)c1ccccc1,2.0986399999999996
"2-Butanone, 4-(6-methoxy-2-naphthalenyl)-",COc1ccc2cc(CCC(C)=O)ccc2c1,1.8118099999999986
"1H-Pyrazole-1-carboxamide, N-(6-chlorohexyl)-3-methyl-",Cc1ccn(C(=O)NCCCCCCCl)n1,2.675093095238095
"Butanamide, 4-chloro-3-oxo-N-phenyl-",O=C(CCl)CC(=O)Nc1ccccc1,2.0217700000000005
"p-Toluenesulfonic acid, beta-chloroethyl ester",Cc1ccc(S(=O)(=O)OCCCl)cc1,2.7720095595238097
"Phosphonic acid, (2-chloroethyl)-, bis(2-chloroethyl) ester",O=P(CCCl)(OCCCl)OCCCl,2.4484300000000037
"Silanetriol, methyl-, triacetate",CC(=O)O[Si](C)(OC(C)=O)OC(C)=O,1.6847100000000015
"Cyclohexanol, 4-(((2-amino-3,5-dibromophenyl)methyl)amino)-, trans- (9CI)",Nc1c(Br)cc(Br)cc1CNC1CCC(O)CC1,2.43216
"Phenol, 2,4-dibromo-",Oc1ccc(Br)cc1Br,2.224300000000001
"1,5-Methano-3H-cyclopent(c)oxepin-3-one, octahydro-",O=C1CC2CC(O1)C1CCCC21,1.8726099999999994
"Morpholine, 2,6-dimethyl-",CC1CNCC(C)O1,2.1981800000000007
"Morpholine, 4-(triphenylmethyl)-",c1ccc(C(c2ccccc2)(c2ccccc2)N2CCOCC2)cc1,2.35262
"1H-1,3-Diazepine, 4,5,6,7-tetrahydro-2-(p-chloro-alpha-ethoxybenzyl)-",CCOC(C1=NCCCCN1)c1ccc(Cl)cc1,2.642390000000002
"Pyrrolidine, 1-nitroso-",O=NN1CCCC1,2.562663968253968
"1-Propanethiol, 3-(trimethoxysilyl)-",CO[Si](CCCS)(OC)OC,1.8005850000000014
"Phosphorothioic acid, O-(1,6-dihydro-5-methoxy-1-methyl-6-oxo-4-pyridazinyl) O-ethyl O-propyl ester",CCCOP(=S)(OCC)Oc1cnn(C)c(=O)c1OC,4.747800000000001
"Bicyclo(2.2.1)hept-2-ene, 5-ethylidene-",CC=C1CC2C=CC1C2,1.9510199999999995
"2-Propenoic acid, heptyl ester",C=CC(=O)OCCCCCCC,1.036947785714286
"4H-1,3-Thiazine-2-amine, N-(2,6-dimethylphenyl)-5,6-dihydro- (9CI)",Cc1cccc(C)c1NC1=NCCCS1,2.8527099999999996
"1-Cyclohexene-1-methanol, 4-(1-methylethenyl)-",C=C(C)C1CC=C(CO)CC1,1.6918499999999992
"Hexanedioic acid, dibutyl ester",CCCCOC(=O)CCCCC(=O)OCCCC,1.2841200000000017
"Pyrimidine, 4-methyl-2-((3,4,4-trifluoro-3-butenyl)thio)-",Cc1ccnc(SCCC(F)=C(F)F)n1,2.412060000000001
"Benzamide, 3,4-diethoxy-N-(((4-(2-methylamino)ethoxy)phenyl)methyl)- (9CI)",CCOc1ccc(C(=O)NCc2ccc(OCCNC)cc2)cc1OCC,2.1829400000000003
3-Heptanone,CCCCC(=O)CC,1.6517874999999989
"Benzene, 1,1'-(1,2-ethanediyl)bis-",c1ccc(CCc2ccccc2)cc1,1.8006899999999997
"4H-Pyrido(1,2-a)pyrimidine-3-carboxamide, 1,6,7,8,9,9a-hexahydro-1,6-dimethyl-4-oxo-",CC1CCCC2N(C)C=C(C(N)=O)C(=O)N12,2.504990000000002
8-Hydroxy-4-(hydroxyacetyl)-1H-2-benzopyran-1-one,O=C(CO)c1coc(=O)c2c(O)cccc12,2.26247
"Acetic acid, 2-(4-(4-chlorobenzyl)phenoxy)-, 3-pyridinylmethyl ester",O=C(COc1ccc(Cc2ccc(Cl)cc2)cc1)OCc1cccnc1,2.4117800000000007
"Propanenitrile, 2-methyl-",CC(C)C#N,2.8476200000000023
"1,2-Benzenedicarboxylic acid, 2-butoxy-2-oxoethyl butyl ester",CCCCOC(=O)COC(=O)c1ccccc1C(=O)OCCCC,1.5141633333333318
"Bufa-4,20,22-trienolide, 3-((6-deoxy-2,3-O-(1-methylethylidene)-alpha-L-mannopyranosyl)oxy)-14-hydroxy-, (3beta)-",CC1OC(OC2C=C3CCC4C(CCC5(C)C(c6ccc(=O)oc6)CCC45O)C3(C)CC2)C2OC(C)(C)OC2C1O,4.049914999999995
"Furan, 2,2'-(oxydimethylene)di- (6CI,8CI)",c1coc(COCc2ccco2)c1,2.417340000000001
"Glycine, N-((1-methyl-5-(4-methylbenzoyl)-1H-pyrrol-2-yl)acetyl)-, 2-methoxyphenyl ester",COc1ccccc1OC(=O)CNC(=O)Cc1ccc(C(=O)c2ccc(C)cc2)n1C,2.5599040952380956
"Ethane, 1,1,2-trichloro-1,2,2-trifluoro-",FC(F)(Cl)C(F)(Cl)Cl,2.006505000000001
"Benzimidazole-5-carbonitrile, 2-(trifluoromethyl)-",N#Cc1ccc2[nH]c(C(F)(F)F)nc2c1,3.8627299999999987
"Pyrazine, ((methylthio)methyl)-",CSCc1cnccn1,2.29515
"Phosphoramidothioic acid, (1-methylethyl)-, O-ethyl O-(4-methyl-2-nitrophenyl) ester (9CI)",CCOP(=S)(NC(C)C)Oc1ccc(C)cc1[N+](=O)[O-],3.5666500000000014
"Phosphorodithioic acid, O-methyl S,S-bis(1-methylethyl) ester",COP(=O)(SC(C)C)SC(C)C,3.246800000000002
"Methanone, (4-butylphenyl)(2-fluorophenyl)-",CCCCc1ccc(C(=O)c2ccccc2F)cc1,2.27898
2-Propenoic acid,C=CC(=O)O,2.4440524999999997
"1,3-Dithiolan-4-one, 5,5-dimethyl-2-((1-methylethyl)imino)-, O-((methylamino)carbonyl)oxime",CNC(=O)ON=C1SC(=NC(C)C)SC1(C)C,4.8383999999999965
"Benzimidazole, 4,5-dichloro-6-nitro-2-(trifluoromethyl)-",O=[N+]([O-])c1cc2[nH]c(C(F)(F)F)nc2c(Cl)c1Cl,4.695509999999998
"Benzoxazole, 5-chloro-2-dimethylamino-",CN(C)c1nc2cc(Cl)ccc2o1,2.7129400000000006
"8-Azabicyclo(3.2.1)octane-8-carboxylic acid, 3-((hydrazinocarbonyl)oxy)-, phenyl ester, endo-",NNC(=O)OC1CC2CCC(C1)N2C(=O)Oc1ccccc1,2.5275499999999997
"Formamide, N-((4-amino-2-methyl-5-pyrimidinyl)methyl)-N-(4-hydroxy-1-methyl-2-(((tetrahydro-2-furanyl)methyl)dithio)-1-butenyl)-",CC(=C(CCO)SSCC1CCCO1)N(C=O)Cc1cnc(C)nc1N,2.1505
"1,2-Propanediamine, N-(3-hydroxypropyl)-",CC(N)CNCCCO,1.8324774999999998
"Pyridine, 2,3,4,5,6-pentachloro-",Clc1nc(Cl)c(Cl)c(Cl)c1Cl,2.1878899999999994
"Silane, trimethoxy(3-(oxiranylmethoxy)propyl)-",CO[Si](CCCOCC1CO1)(OC)OC,1.7973333333333326
"Butane, 1-chloro-",CCCCCl,1.51785
"2,2'-(Nitrosoimino)bisethanol diacetate (ester)",CC(=O)OCCN(CCOC(C)=O)N=O,2.123200000000001
"2-Propenoic acid, 2-methyl-, 2-hydroxyethyl ester",C=C(C)C(=O)OCCO,1.3898499999999996
"Phosphorodithioic acid, S-hydroxymethyl O,O-dimethyl ester, acetate",COP(=S)(OC)SCOC(C)=O,2.987600000000002
"Benzenesulfonamide, 4-amino-N-(5-methoxy-2-pyridimidinyl)- (9CI)",COc1cnc(NS(=O)(=O)c2ccc(N)cc2)nc1,2.057439999999999
"6-Octen-1-ol, 3,7-dimethyl-, formate",CC(C)=CCCC(C)CCOC=O,1.5674000000000006
"Acetic acid, ((1-(phenylmethyl)-1H-indazol-3-yl)oxy)-",O=C(O)COc1nn(Cc2ccccc2)c2ccccc12,2.4571200000000006
"Phenol, 2,6-dimethyl-",Cc1cccc(C)c1O,2.1405299999999987
"Pyrimidine, 4-(1H-imidazol-1-yl)-6-methoxy-",COc1cc(-n2ccnc2)ncn1,2.4231400000000014
"Phosphoric acid, 2-chloro-1-(2,4-dichlorophenyl)ethenyl diethyl ester (9CI)",CCOP(=O)(OCC)OC(=CCl)c1ccc(Cl)cc1Cl,4.09235
"Benzimidazole-5-carboxylic acid, 2-(trifluoromethyl)-, methyl ester",COC(=O)c1ccc2[nH]c(C(F)(F)F)nc2c1,3.7786000000000026
Hydroquinone dimethyl ether,COc1ccc(OC)cc1,1.8245200000000008
"Ethanone, 1-(5,6,7,8-tetrahydro-3,5,5,6,8,8-hexamethyl-2-naphthalenyl)-",CC(=O)c1cc2c(cc1C)C(C)(C)C(C)CC2(C)C,2.275529999999999
"Benzenesulfonamide, 4-methoxy-N-(5-(2-methylpropyl)-1,3,4-thiadiazol-2-yl)- (9CI)",COc1ccc(S(=O)(=O)Nc2nnc(CC(C)C)s2)cc1,2.3070299999999997
"Ether, decyl vinyl (6CI,7CI,8CI)",C=COCCCCCCCCCC,1.2130425000000007
"Phenol, 2,6-diiodo-4-nitro-",O=[N+]([O-])c1cc(I)c(O)c(I)c1,2.749389999999999
"2H-1,2,4-Benzothiadiazine-7-sulfonamide, 6-chloro-3-(cyclopentylmethyl)-3,4-dihydro-, 1,1-dioxide",NS(=O)(=O)c1cc2c(cc1Cl)NC(CC1CCCC1)NS2(=O)=O,2.2396299999999996
"2,4-Hexadienal, (2E,4E)-",CC=CC=CC=O,2.0859500000000013
"Benzene, (2-bromoethyl)-",BrCCc1ccccc1,2.608890000000001
"Hydrazinecarboxamide, 2-(3,5-bis(trifluoromethyl)phenyl)-N-methyl-",CNC(=O)NNc1cc(C(F)(F)F)cc(C(F)(F)F)c1,2.3921199999999994
"Phenol, 3,5-dimethyl-, methylcarbamate (9CI)",CNC(=O)Oc1cc(C)cc(C)c1,3.264280000000001
"1,1-Ethanediol, 2,2,2-trichloro-",OC(O)C(Cl)(Cl)Cl,2.10902
"2-Propanol, 1,1'-(o-phenylenediimino)bis(3-chloro-",OC(CCl)CNc1ccccc1NCC(O)CCl,2.2134299999999993
"Carbamic acid, diisopropylthio-, S-(2,3-dichloroallyl) ester",CC(C)N(C(=O)SCC(Cl)=CCl)C(C)C,2.3685299999999985
"Ethanol, 2-(2-methoxyethoxy)-",COCCOCCO,1.242971666666668
"1H-Isoindole-1,3(2H)-dione, 2-(oxiranylmethyl)-",O=C1c2ccccc2C(=O)N1CC1CO1,2.4600900000000014
"3-Quinolinecarboxylic acid, 1,4-dihydro-7-chloro-1-cyclopropyl-6-fluoro-4-oxo-",O=C(O)c1cn(C2CC2)c2cc(Cl)c(F)cc2c1=O,2.4457099999999996
"2,6-Octadien-1-ol, 3,7-dimethyl-, (2Z)-",CC(C)=CCCC(C)=CCO,1.5637500000000002
"Carbamic acid, (4-(((methylamino)carbonyl)oxy)-2-(1-methylethyl)phenyl)-, methyl ester (9CI)",CNC(=O)Oc1ccc(NC(=O)OC)c(C(C)C)c1,3.264779999999999
"5-Pyrimidinemethanol, alpha-cyclopropyl-alpha-(p-methoxyphenyl)-",COc1ccc(C(O)(c2cncnc2)C2CC2)cc1,2.2131000000000003
"4-Thiazolidinone, 2-thioxo-",O=C1CSC(=S)N1,2.5007
"Urea, 1-(2,5-dimethylphenethyl)-",Cc1ccc(C)c(CCNC(N)=O)c1,2.15901
"1-Piperazineacetamide, N-cyclohexyl-",O=C(CN1CCNCC1)NC1CCCCC1,2.016234999999999
"1H-Imidazole, 1-(2-(2,4-dichlorophenyl)-2-(2-propenyloxy)ethyl)-, (+-)-",C=CCOC(Cn1ccnc1)c1ccc(Cl)cc1Cl,2.37241
"Phosphonodithioic acid, (chloromethyl)-, S-(4-chlorophenyl) O-(1-methylethyl) ester",CC(C)OP(=S)(CCl)Sc1ccc(Cl)cc1,3.6588500000000015
"Benzenemethanamine, N-methyl-N-2-propynyl-",C#CCN(C)Cc1ccccc1,2.7714600000000007
"1-Octen-3-ol, 3-methyl-",C=CC(C)(O)CCCCC,1.8077749999999995
"Phenol, 2-(1-methylpropyl)-4,6-dinitro-",CCC(C)c1cc([N+](=O)[O-])cc([N+](=O)[O-])c1O,3.5034100000000024
"Pyridine, 4-amino-, 1-oxide",Nc1cc[n+]([O-])cc1,2.7111299999999985
"Coumarin, 3-chloro-7-hydroxy-4-methyl-, bis(3-chloropropyl) phosphate",Cc1c(Cl)c(=O)oc2cc(OP(=O)(OCCCCl)OCCCCl)ccc12,2.8971999999999967
"2-Naphthalenamine, 1-((2-methylphenyl)azo)-",Cc1ccccc1N=Nc1c(N)ccc2ccccc12,2.655569999999999
"Formic acid, sec-butyl ester (8CI)",CCC(C)OC=O,1.7118999999999989
"Benzamide, N-(1-butoxy-2,2,2-trichloroethyl)-2-hydroxy-",CCCCOC(NC(=O)c1ccccc1O)C(Cl)(Cl)Cl,2.2989041666666674
"Pyridine, 4-nitro-, 1-oxide",O=[N+]([O-])c1cc[n+]([O-])cc1,2.0483300000000004
"Acetamide, 2,2-dichloro-N,N-di-2-propenyl-",C=CCN(CC=C)C(=O)C(Cl)Cl,2.2367199999999996
"Butyric acid, 2-chloro-2-ethyl-, trichloroethyl ester",CCC(Cl)(CC)C(=O)OCC(Cl)(Cl)Cl,2.0411999999999995
"Phosphorodithioic acid, O,O-dipropyl ester, S-ester with 1-(mercaptoacetyl)-2-pipecoline (8CI)",CCCOP(=S)(OCCC)SCC(=O)N1CCCCC1C,3.293170000000001
"2-Oxa-4-thia-7-aza-3-phosphaoctan-8-oic acid, 3-methoxy-7-methyl-6-oxo-, 3-(1-methylethyl)phenyl ester, 3-sulfide",COP(=S)(OC)SCC(=O)N(C)C(=O)Oc1cccc(C(C)C)c1,3.074430000000001
"Benzenamine, 3-chloro-",Nc1cccc(Cl)c1,2.3288
"Butane, 1,1'-(1,2-ethanediylbis(oxy))bis- (9CI)",CCCCOCCOCCCC,1.676652857142858
"Benzyl alcohol, p-methoxy-, propionate (8CI)",CCC(=O)OCc1ccc(OC)cc1,1.83558
"Butyric acid, 2-(4-isobutylphenyl)-",CCC(C(=O)O)c1ccc(CC(C)C)cc1,2.1917899999999997
"Formic acid, oxydi-, diethyl ester",CCOC(=O)OC(=O)OCC,1.6601879999999993
"Benzimidazole, 4,6-dichloro-5-nitro-2-(trifluoromethyl)-",O=[N+]([O-])c1c(Cl)cc2[nH]c(C(F)(F)F)nc2c1Cl,4.004489999999997
"Morpholine, 4-phenyl-",c1ccc(N2CCOCC2)cc1,2.31131
"Adipic acid, bis(2-ethylbutyl) ester",CCC(CC)COC(=O)CCCCC(=O)OCC(CC)CC,1.6299715238095234
"Butanoic acid, phenylmethyl ester",CCCC(=O)OCc1ccccc1,1.7413700000000005
"Carbamic acid, N-methyl-, 3,4-dichlorobenzyl ester",CNC(=O)OCc1ccc(Cl)c(Cl)c1,2.4964399999999984
"(1,1'-Biphenyl)-4-acetic acid, 2-fluoro-alpha-methyl-, (+-)-",CC(C(=O)O)c1ccc(-c2ccccc2)c(F)c1,3.1427100000000046
"Carbamic acid, methyl-, ester with salicylaldehyde, diethyl mercaptal",CCSC(SCC)c1ccccc1OC(=O)NC,2.9629100000000013
"Phenol, 4-(phenylamino)-",Oc1ccc(Nc2ccccc2)cc1,2.135999999999999
"1H-1,2,4-Triazole, 1-((4-bromo-2-(2,4-dichlorophenyl)tetrahydro-2-furanyl)methyl)-",Clc1ccc(C2(Cn3cncn3)CC(Br)CO2)c(Cl)c1,2.4860000000000015
"Phosphorodithioic acid, S-((1,3-dihydro-1,3-dioxo-2H-isoindol-2-yl)methyl) O,O-dimethyl ester",COP(=S)(OC)SCN1C(=O)c2ccccc2C1=O,4.0900099999999995
"Benzoic acid, 3,4,5-trimethoxy-, ester with 4-butyl-1,2-diphenyl-3-hydroxy-3-pyrazolin-5-one",CCCCc1c(OC(=O)c2cc(OC)c(OC)c(OC)c2)n(-c2ccccc2)n(-c2ccccc2)c1=O,2.3184699999999983
"Phosphoric acid, 3-(dimethylamino)-1-methyl-3-oxo-1-propenyl diethyl ester",CCOP(=O)(OCC)OC(C)=CC(=O)N(C)C,4.25784
"Benzimidazole, 5-bromo-2-(trifluoromethyl)-",FC(F)(F)c1nc2cc(Br)ccc2[nH]1,4.040619999999999
"1-Butanol, 1,1',1''-phosphinidynetri- (9CI)",CCCCOP(OCCCC)OCCCC,1.591015
"1-Naphthaleneacetamide, alpha-(2-(bis(3-methyl-2-butenyl)amino)ethyl)-alpha-(3-methyl-2-butenyl)- (9CI)",CC(C)=CCN(CC=C(C)C)CCC(CC=C(C)C)(C(N)=O)c1cccc2ccccc12,3.2913200000000034
"Benzene, 2,4-difluoro-1-nitro-",O=[N+]([O-])c1ccc(F)cc1F,2.4349600000000002
"1,2-Propylene glycol",CC(O)CO,1.3257400000000001
"1(2H)-Phthalazinone, (1,3-dimethyl-2-butenylidene)hydrazone",CC(C)=CC(C)=NNc1nncc2ccccc12,2.73769
"Ethanol, 2,2,2-trichloro-1-ethoxy-",CCOC(O)C(Cl)(Cl)Cl,2.2631599999999996
"p-Toluidine, N-(cyclopropylmethyl)-2,6-dinitro-N-propyl-alpha,alpha,alpha-trifluoro-",CCCN(CC1CC1)c1c([N+](=O)[O-])cc(C(F)(F)F)cc1[N+](=O)[O-],2.293580000000001
"Bicyclo(2.2.1)hept-5-ene-2,3-dicarboxylic acid, dimethyl ester (9CI)",COC(=O)C1C2C=CC(C2)C1C(=O)OC,1.8301799999999997
"3,5,6-Trichloro-2(1H)-pyridinone",O=c1[nH]c(Cl)c(Cl)cc1Cl,2.4488100000000004
"1,3,5-Triazine-2,4-diamine, N-ethyl-6-methoxy-N'-(1-methylpropyl)-",CCNc1nc(NC(C)CC)nc(OC)n1,2.41661
"Fluorene-9,9-(bis)propylamine",NCCCC1(CCCN)c2ccccc2-c2ccccc21,2.164380000000001
Pyren-1-ylamine,Nc1ccc2ccc3cccc4ccc1c2c34,2.10126
"Phosphonothioic acid, ethyl-, O-ethyl S-methyl ester",CCOP(=O)(CC)SC,4.416980000000001
"(1,1'-Biphenyl)-4-acetic acid, 2-fluoroethyl ester",O=C(Cc1ccc(-c2ccccc2)cc1)OCCF,2.594869999999999
"Cyclopropanecarboxylic acid, 2,2-dimethyl-3-(2-methyl-1-propenyl)-, (5-(phenylmethyl)-3-furanyl)methyl ester, (1R-trans)-",CC(C)=CC1C(C(=O)OCc2coc(Cc3ccccc3)c2)C1(C)C,2.943300000000001
"Propanedioic acid, 1,3-dithiolan-2-ylidene-, bis(1-methylethyl) ester",CC(C)OC(=O)C(C(=O)OC(C)C)=C1SCCS1,2.34458
"Carbamic acid, methyl-, o-(4,4-dimethyl-1,3-dioxolan-2-yl)phenyl ester",CNC(=O)Oc1ccccc1C1OCC(C)(C)O1,3.855670000000001
Trimethylenediamine,NCCCN,2.090886333333334
"2H-1,3-Benzoxazin-2-one, 3,4-dihydro-",O=C1NCc2ccccc2O1,2.36446
"Phosphoric acid, (7-chloro-bicyclo(3.2.0)hepta-2,6-dien-6-yl) dimethyl ester",COP(=O)(OC)OC1=C(Cl)C2C=CCC12,3.322299999999999
"Furan, dimethyl-",Cc1ccoc1C,2.07676
"Propanenitrile, 3-hydroxy-",N#CCCO,1.9081400000000008
"Phenol, 4-nitro-",O=[N+]([O-])c1ccc(O)cc1,1.947320000000002
"1,3-Dithiolane-2-carboxaldehyde, 2-methyl-, O-((methylamino)carbonyl)oxime",CNC(=O)ON=CC1(C)SCCS1,5.2097299999999995
"Butanoic acid, 2,2-dimethyl-, 1,2,3,7,8,8a-hexahydro-3,7-dimethyl-8-(2-(tetrahydro-4-hydroxy-6-oxo-2H-pyran-2-yl)ethyl)-1-naphthalenyl ester, (1S-(1alpha,3alpha,7beta,8beta(2S*,4S*),8abeta))-",CCC(C)(C)C(=O)OC1CC(C)C=C2C=CC(C)C(CCC3CC(O)CC(=O)O3)C21,2.89147
"Ethanesulfonamide, 2-((((2-chloroethyl)amino)carbonyl)amino)-N,N-dimethyl-",CN(C)S(=O)(=O)CCNC(=O)NCCCl,2.8026399999999994
Propanoic acid,CCC(=O)O,1.631913333333334
"Benzene, (1,1-dimethylethyl)-",CC(C)(C)c1ccccc1,1.9197400000000004
3-Pyridinecarbonitrile,N#Cc1cccnc1,2.3895800000000005
"Aniline, 2-chloro-N-(4,6-dinitro-alpha,alpha,alpha-trifluoro-o-tolyl)-5-(trifluoromethyl)-",O=[N+]([O-])c1cc([N+](=O)[O-])c(Nc2cc(C(F)(F)F)ccc2Cl)c(C(F)(F)F)c1,4.405590000000002
"1H-1,2,4-Triazole-1-ethanol, alpha-butyl-alpha-(2,4-dichlorophenyl)-, (+-)-",CCCCC(O)(Cn1cncn1)c1ccc(Cl)cc1Cl,2.2883299999999993
"Benzamide, 2-(3,3-dimethyl-1-triazenyl)- (9CI)",CN(C)N=Nc1ccccc1C(N)=O,2.8443745714285713
"1,3,5-Trioxane, 2,4,6-trimethyl-",CC1OC(C)OC(C)O1,1.749260000000001
"Ethane, 1,2-(trisdimethylaminosilyl)-",CN(C)[Si](CC[Si](N(C)C)(N(C)C)N(C)C)(N(C)C)N(C)C,2.13289
2-Butenenitrile,CC=CC#N,2.487066666666666
"Phosphoric acid, 2,2-dichloroethenyl dimethyl ester",COP(=O)(OC)OC=C(Cl)Cl,3.37786
"Methane, tetranitro-",O=[N+]([O-])C([N+](=O)[O-])([N+](=O)[O-])[N+](=O)[O-],2.3966233333333355
"2,4(1H,3H)-Pyrimidinedione, 6-((3-(4-(2-methoxyphenyl)-1-piperazinyl)propyl)amino)-1,3-dimethyl- (9CI)",COc1ccccc1N1CCN(CCCNc2cc(=O)n(C)c(=O)n2C)CC1,2.75758
"2-Piperidinemethanol, alpha,alpha-diphenyl-",OC(c1ccccc1)(c1ccccc1)C1CCCCN1,2.683360000000001
4-Ethoxy-2-methyl-5-(4-morpholinyl)-3(2H)-pyridazinone,CCOc1c(N2CCOCC2)cnn(C)c1=O,2.6632800000000016
"1-Naphthalenesulfonic acid, 2-hydroxy-",O=S(=O)(O)c1c(O)ccc2ccccc12,2.2025200000000016
"Glycine, N-(chloroacetyl)-N-(2,6-diethylphenyl)-",CCc1cccc(CC)c1N(CC(=O)O)C(=O)CCl,2.2103599999999997
"Pyrimidine, 3,4,5,6-tetrahydro-2-(alpha-ethoxybenzyl)-5-ethyl-5-methyl-",CCOC(C1=NCC(C)(CC)CN1)c1ccccc1,2.793819999999997
Cyclohex-3-ene-1-carboxylic acid,O=C(O)C1CC=CCC1,1.7611299999999994
"Phosphorothioic acid, O,O-diethyl ester, S-ester with 3-(mercaptomethyl)-5-methyl-1,3,4-oxadiazol-2(3H)-one",CCOP(=O)(OCC)SCn1nc(C)oc1=O,4.3876399999999975
"Urea, N,N-dimethyl-N'-(5-(1,1-dimethylethyl)-3-isoxazolyl)-",CN(C)C(=O)Nc1cc(C(C)(C)C)on1,2.2296100000000005
"Benzenesulfonic acid, 2-amino-5-methyl-",Cc1ccc(N)c(S(=O)(=O)O)c1,1.4594899999999995
"1H-Indazol-3-amine, 5-(trifluoromethyl)- (9CI)",Nc1n[nH]c2ccc(C(F)(F)F)cc12,2.47199
"Glycine, N-methyl-N-nitroso-, ethyl ester (9CI)",CCOC(=O)CN(C)N=O,2.6150100000000016
4-Thiazolidinecarboxylic acid,O=C(O)C1CSCN1,1.9780699999999996
"Hexanedioic acid, diisodecyl ester",CC(C)CCCCCCCOC(=O)CCCCC(=O)OCCCCCCCC(C)C,1.537704166666668
"1-Naphthalenebutanoic acid, 4-methoxy-gamma-oxo-",COc1ccc(C(=O)CCC(=O)O)c2ccccc12,2.0605199999999986
"Cyclohexanamine, N-ethyl-",CCNC1CCCCC1,2.257819999999999
1-(3-Phenoxyphenyl)ethan-1-one,CC(=O)c1cccc(Oc2ccccc2)c1,2.0358000000000005
Cyclopent-2-en-1-ol,OC1C=CCC1,1.7586400000000018
"Benzimidazole, 6-bromo-5-methyl-2-(trifluoromethyl)-",Cc1cc2nc(C(F)(F)F)[nH]c2cc1Br,3.867299999999999
"Tartaric acid, diisopropyl ester",CC(C)OC(=O)C(O)C(O)C(=O)OC(C)C,1.53188
"Pyrimidine, 3,4,5,6-tetrahydro-2-(methoxy-(1-naphthyl)methyl)-",COC(C1=NCCCN1)c1ccc2ccccc2c1,2.584990000000001
"Phosphonic acid, phenyl-, propyl (2-propynyl) ester",C#CCOP(=O)(OCCC)c1ccccc1,2.683219999999999
"2(1H)-Quinolinone, 3,4-dihydro-6-(4-(4-phenyl-1-piperazinyl)-1-butenyl)-",O=C1CCc2cc(C=CCCN3CCN(c4ccccc4)CC3)ccc2N1,2.881429999999999
"3-Butenenitrile, 2-hydroxy-",C=CC(O)C#N,2.6233799999999996
"Butanoic acid, ethenyl ester (9CI)",C=COC(=O)CCC,1.3829499999999997
"1H-Imidazole, 4-methyl-",Cc1c[nH]cn1,2.2404800000000002
"2,4,11,13-Tetraazatetradecanediimidamide, N,N''-bis(4-chlorophenyl)-3,12-diimino-",N=C(NCCCCCCNC(=N)NC(=N)Nc1ccc(Cl)cc1)NC(=N)Nc1ccc(Cl)cc1,2.4351900000000004
"Butylamine, 1,1,3,3-tetramethyl- (6CI,7CI,8CI)",CC(C)(C)CC(C)(C)N,2.3905600000000002
"Aniline, p-fluoro- (8CI)",Nc1ccc(F)cc1,2.77792
"Phosphoramidothioic acid, O,S-dimethyl ester",COP(N)(=O)SC,3.0913100000000013
"3,5-Pyrazolidinedione, 4-butyl-1,2-diphenyl-",CCCCC1C(=O)N(c2ccccc2)N(c2ccccc2)C1=O,2.8612600000000015
"Benzenemethanol, 3-phenoxy-",OCc1cccc(Oc2ccccc2)c1,1.9851700000000003
"9-Octadecenoic acid (Z)-, oxiranylmethyl ester (9CI)",CCCCCCCCC=CCCCCCCCC(=O)OCC1CO1,1.5772110000000004
"2,6-Methano-3-benzazocin-8-ol, 1,2,3,4,5,6-hexahydro-6,11-dimethyl-3-(3-methyl-2-butenyl)-, (2alpha,6alpha,11R*)-",CC(C)=CCN1CCC2(C)c3cc(O)ccc3CC1C2C,3.19879
"Furfuryl alcohol, tetrahydro- (8CI)",OCC1CCCO1,1.6744499999999984
"Benzene, 1-chloro-2-ethenyl- (9CI)",C=Cc1ccccc1Cl,2.1020000000000003
"Tetraphosphoric acid, hexaethyl ester",CCOP(=O)(OCC)OP(=O)(OCC)OP(=O)(OCC)OP(=O)(OCC)OCC,5.326580000000004
"Dibenzo-p-dioxin, 1,2,3,4,6,7,8,9-octachloro-",Clc1c(Cl)c(Cl)c2c(c1Cl)Oc1c(Cl)c(Cl)c(Cl)c(Cl)c1O2,2.890930000000001
"3-Cyclohexen-1-one, 3,5,5-trimethyl-",CC1=CC(C)(C)CC(=O)C1,2.003179999999999
"Quinazoline, 4-((2-(dimethylamino)ethyl)amino)-",CN(C)CCNc1ncnc2ccccc12,2.905359999999999
"Benzene, 1,3,5-trichloro-",Clc1cc(Cl)cc(Cl)c1,2.0423500000000008
"p-Dioxane, 2,3-dichloro-, trans-",ClC1OCCOC1Cl,2.5767225000000002
"Pregna-1,4-diene-3,20-dione, 11beta,17,21-trihydroxy-, 21-(4-(p-(bis(2-chloroethyl)amino)phenyl)butyrate) (8CI)",CC12C=CC(=O)C=C1CCC1C2C(O)CC2(C)C1CCC2(O)C(=O)COC(=O)CCCc1ccc(N(CCCl)CCCl)cc1,2.4215749999999985
"Benzenedecanoic acid, 4-iodo-iota-methyl-, ethyl ester",CCOC(=O)CCCCCCCCC(C)c1ccc(I)cc1,1.9937939999999992
"1H-Pyrazole, 4-methyl-",Cc1cn[nH]c1,2.2904500000000003
"Propanenitrile, 2-hydroxy-2-methyl-",CC(C)(O)C#N,2.378655
4-Pyridineethanol,OCCc1ccncc1,2.2005600000000003
"1,2-Benzenediol, 4-(1,1-dimethylethyl)-",CC(C)(C)c1ccc(O)c(O)c1,2.0287800000000002
"Benzenamine, N-ethyl-3-methyl-",CCNc1cccc(C)c1,2.1059599999999996
"Benzo(b)thiophene-5-methanol, 2,3-dihydro-alpha-(1-((4-phenylbutyl)amino)ethyl)-, (R*,S*)-(+-)-",CC(NCCCCc1ccccc1)C(O)c1ccc2c(c1)CCS2,2.7051200000000013
"Benzene, 1,2,4,5-tetrachloro-",Clc1cc(Cl)c(Cl)cc1Cl,2.1866100000000004
"1-Propene, 3-chloro-2-methyl-",C=C(C)CCl,2.669750000000001
"Benzoic acid, 4-(((((1,3-dimethyl-5-phenoxy-1H-pyrazol-4-yl)methylene)amino)oxy)methyl)-, 1,1-dimethylethyl ester, (E)-",Cc1nn(C)c(Oc2ccccc2)c1C=NOCc1ccc(C(=O)OC(C)(C)C)cc1,2.3718800000000004
"Benzenesulfonyl isocyanate, 4-methyl-",Cc1ccc(S(=O)(=O)N=C=O)cc1,2.026159999999999
"4-Piperidinamine, 1-methyl-N-phenyl-N-(2-thienylmethyl)- (9CI)",CN1CCC(N(Cc2cccs2)c2ccccc2)CC1,2.966699999999999
"Acetaldehyde, methoxy- (8CI,9CI)",COCC=O,2.2588199999999996
"1,3-Benzenedicarbonyl dichloride",O=C(Cl)c1cccc(C(=O)Cl)c1,1.8131599999999992
"Oxirane, 2,2'-((2-(oxiranylmethoxy)-1,3-phenylene)bis(methylene))bis-",c1cc(CC2CO2)c(OCC2CO2)c(CC2CO2)c1,2.0561300000000013
"Benzenesulfonamide, 4-amino-N-((butylamino)carbonyl)-",CCCCNC(=O)NS(=O)(=O)c1ccc(N)cc1,2.1453242857142865
Thioimidodicarbonic diamide (((H2N)C(S))2NH),NC(=S)NC(N)=S,2.87362
"Phosphonamidothioic chloride, N,N-dimethyl-P-imidazol-1-yl-",CN(C)P(=S)(Cl)n1ccnc1,2.7262899999999983
"1,3-Oxathiolan-4-one, 5-ethyl-2-methyl-, O-((methylamino)carbonyl)oxime",CCC1OC(C)SC1=NOC(=O)NC,4.116599999999998
"2-Propenethioic acid, 3-(4-nitrophenyl)-, O-ethyl ester",CCOC(=S)C=Cc1ccc([N+](=O)[O-])cc1,2.252970000000001
"Benzenesulfonic acid, 5-amino-2-(2-(4-nitro-2-sulfophenyl)ethenyl)-",Nc1ccc(C=Cc2ccc([N+](=O)[O-])cc2S(=O)(=O)O)c(S(=O)(=O)O)c1,1.5996799999999995
"Formamidine, N,N'-diphenyl- (6CI,7CI,8CI)",C(=Nc1ccccc1)Nc1ccccc1,2.37283
"1-Propanol, 2-methyl-",CC(C)CO,1.4928952380952376
"Toluene, m-iodo- (7CI,8CI)",Cc1cccc(I)c1,1.8897599999999992
"1-Propanol, 2,3-dichloro-, phosphate (3:1)",O=P(OCC(Cl)CCl)(OCC(Cl)CCl)OCC(Cl)CCl,2.59648
"2-Pyrrolidinecarboxamide, 5-oxo-N-(2-phenylcyclopropyl)-",O=C1CCC(C(=O)NC2CC2c2ccccc2)N1,2.34068
"5-Oxa-2,8-dithia-4,7,9-triazadodec-3-en-12-oic acid, 3,7-dimethyl-6-oxo-9-(phenylmethyl)-, ethyl ester, (Z)-",CCOC(=O)CCN(Cc1ccccc1)SN(C)C(=O)ON=C(C)SC,3.6323600000000003
"2-Propyn-1-amine, N,N-diethyl-",C#CCN(CC)CC,2.4716600000000013
"Propionamide, N-(1-methyl-2-propylpentyl)-",CCCC(CCC)C(C)NC(=O)CC,1.9070299999999991
3-Heptanol,CCCCC(O)CC,1.689330000000001
"1,3-Dithiolan-4-one, 5-methyl-, O-((methylamino)carbonyl)oxime",CNC(=O)ON=C1SCSC1C,4.608354999999998
10-Undecenoic acid,C=CCCCCCCCCC(=O)O,1.6430600000000015
"Carbamic acid, acetylmethyl-, 3-(1,1-dimethylethyl)phenyl ester",CC(=O)N(C)C(=O)Oc1cccc(C(C)(C)C)c1,2.444260000000001
"1,4-Naphthalenedione, 2-(3,3-dichloro-2-propenyl)-3-hydroxy-",O=C1C(O)=C(CC=C(Cl)Cl)C(=O)c2ccccc21,2.1844133333333327
"Benzamide, N-(5-(2-(10H-phenothiazin-10-yl)ethyl)-1,3,4-thiodiazol-2-yl)-",O=C(Nc1nnc(CCN2c3ccccc3Sc3ccccc32)s1)c1ccccc1,2.574699999999999
"2-Propanol, 1-ethoxy-3-(1-methylethoxy)- (9CI)",CCOCC(O)COC(C)C,1.4553879999999992
"Phosphorodithioic acid, O-methyl O-propyl ester, S-ester with N-(mercaptomethyl)phthalimide",CCCOP(=S)(OC)SCN1C(=O)c2ccccc2C1=O,4.042449999999999
"Cyclohexaneacetic acid, alpha-ethyl-1-hydroxy-",CCC(C(=O)O)C1(O)CCCCC1,2.4182000000000006
"Benzenemethanol, 4-((1-methylethyl)thio)-alpha-((1R)-1-(octylamino)ethyl)-, (alphaS)-",CCCCCCCCNC(C)C(O)c1ccc(SC(C)C)cc1,2.30073
"Urea, N-(2,6-dimethylphenyl)-N'-(imino(methylamino)methyl)-",CNC(=N)NC(=O)Nc1c(C)cccc1C,2.7133499999999993
"Benzoic acid, 5-amino-2-hydroxy-",Nc1ccc(O)c(C(=O)O)c1,1.89736
"Hexanedioic acid, bis(2-(2-butoxyethoxy)ethyl) ester",CCCCOCCOCCOC(=O)CCCCC(=O)OCCOCCOCCCC,1.7041300000000006
"Carbamic acid, methyl(phenylthio)-, 2,3-dihydro-2,2-dimethyl-7-benzofuranyl ester",CN(Sc1ccccc1)C(=O)Oc1cccc2c1OC(C)(C)C2,4.136459999999996
"Prost-5-en-13-yn-1-oic acid, 15-hydroxy-16-methyl-9-oxo-, methyl ester, (5Z,15S,16S)-",CCCCC(C)C(O)C#CC1CCC(=O)C1CC=CCCCC(=O)OC,2.3237614285714288
"Butanamide, N-(4-ethoxyphenyl)-3-oxo-",CCOc1ccc(NC(=O)CC(C)=O)cc1,1.7303900000000008
"Benzene, (1-methylpropyl)-",CCC(C)c1ccccc1,1.83629
"Acrylic acid, 2-(5'-ethylpyrid-2'-yl)ethyl ester",C=CC(=O)OCCc1ccc(CC)cn1,1.9715899999999993
"Bicyclo(2.2.1)hepta-2,5-diene",C1=CC2C=CC1C2,2.0743260000000006
"D-Glucose, 4-O-alpha-D-glucopyranosyl-",OCC1OC(OC2C(CO)OC(O)C(O)C2O)C(O)C(O)C1O,1.55429
"Benzene, 1-(1,1-dimethylethyl)-2-methoxy-4-methyl-3,5-dinitro-",COc1c(C(C)(C)C)cc([N+](=O)[O-])c(C)c1[N+](=O)[O-],2.865370000000004
"2-Propenethioic acid, 3-(3-methoxy-4-propoxyphenyl)-, O-ethyl ester",CCCOc1ccc(C=CC(=S)OCC)cc1OC,2.4130300000000027
"Urea, 3-(p-chlorophenyl)-1-methyl-1-(1-methyl-2-propynyl)-",C#CC(C)N(C)C(=O)Nc1ccc(Cl)cc1,2.2655600000000002
"Butanamide, N-(4-chloro-2-methylphenyl)-3-oxo-",CC(=O)CC(=O)Nc1ccc(Cl)cc1C,2.1388500000000006
"Phosphorotrithioic acid, S,S,S-tributyl ester",CCCCSP(=O)(SCCCC)SCCCC,3.3400400000000015
"Ethene, (methylsulfonyl)- (9CI)",C=CS(C)(=O)=O,2.330560000000001
"Benzoic acid, 2-((3-(4-(1,1-dimethylethyl)phenyl)-2-methylpropylidene)amino)-, methyl ester",COC(=O)c1ccccc1N=CC(C)Cc1ccc(C(C)(C)C)cc1,2.392044
"Butanoic acid, 4-oxo-, ethyl ester",CCOC(=O)CCC=O,1.33141
"Butanedioic acid, dipropyl ester",CCCOC(=O)CCC(=O)OCCC,1.199010000000001
Hexanoic acid,CCCCCC(=O)O,1.3911830000000003
"1-Naphthalenemethanamine, N-(6,6-dimethyl-2-hepten-4-ynyl)-N-methyl-, (E)-",CN(CC=CC#CC(C)(C)C)Cc1cccc2ccccc12,2.901050000000002
"Benzenemethanol, alpha-((2-pyridinylamino)methyl)- (9CI)",OC(CNc1ccccn1)c1ccccc1,2.22898
"Peroxide, bis(alpha,alpha-dimethylbenzyl)",CC(C)(OOC(C)(C)c1ccccc1)c1ccccc1,2.0594899999999994
"Imidazo(1,2-c)quinazolin-2(3H)-one, 3-((4-methoxyphenyl)methylene)-",COc1ccc(C=C2C(=O)N=C3c4ccccc4N=CN23)cc1,2.6000900000000007
"s-Triazine, 2-azido-4-(isopropylamino)-6-(methylthio)-",CSc1nc(N=[N+]=[N-])nc(NC(C)C)n1,2.2963000000000013
"1,1'-Biphenyl",c1ccc(-c2ccccc2)cc1,1.9948900000000003
"Benzoic acid, m-((p-(dimethylamino)phenyl)azo)-",CN(C)c1ccc(N=Nc2cccc(C(=O)O)c2)cc1,2.142300000000001
"Carbonimidic dihydrazide, bis((4-chlorophenyl)methylene)-",N=C(NN=Cc1ccc(Cl)cc1)NN=Cc1ccc(Cl)cc1,2.5553799999999995
"3-(3-(4'-Bromo(1,1'-biphenyl)-4-yl)-3-hydroxy-1-phenylpropyl)-4-hydroxy-2H-1-benzopyran-2-one",O=c1oc2ccccc2c(O)c1C(CC(O)c1ccc(-c2ccc(Br)cc2)cc1)c1ccccc1,3.2409299999999996
"Phosphorodithioic acid, O,O,S-trimethyl ester",COP(=S)(OC)SC,3.0469100000000005
"Propane, 1,1,2,2,3-pentachloro-",ClCC(Cl)(Cl)C(Cl)Cl,2.4100330000000003
"1,2-Propanediol, 3-(3,5-dimethoxyphenoxy)-",COc1cc(OC)cc(OCC(O)CO)c1,1.964
"1,4-Dithian-2-one, O,O'-(dithiobis((methylimino)carbonyl))dioxime",CN(SSN(C)C(=O)ON=C1CSCCS1)C(=O)ON=C1CSCCS1,3.6101799999999997
"Thiocyanic acid, 2-(2-butoxyethoxy)ethyl ester",CCCCOCCOCCSC#N,2.073354285714286
"Triazene, 1-(p-bromophenyl)-3-methyl-",CNN=Nc1ccc(Br)cc1,2.4933299999999994
"Benzamide, N,2-dihydroxy- (9CI)",O=C(NO)c1ccccc1O,1.9912199999999995
"1,3-Benzenediol, 4-heptyl-",CCCCCCCc1ccc(O)cc1O,2.3546526666666674
"1-Pyrrolidinebutyramide, alpha-(3-methyl-2-butenyl)-alpha-(1-naphthyl)-",CC(C)=CCC(CCN1CCCC1)(C(N)=O)c1cccc2ccccc12,3.548029999999999
"Ethanol, 2-((2-((2-aminoethyl)amino)ethyl)amino)-",NCCNCCNCCO,1.5204119999999985
"Phosphorodithioic acid, O-ethyl, O-isopropyl ester, S-ester N-(mercaptomethyl)phthalimide",CCOP(=S)(OC(C)C)SCN1C(=O)c2ccccc2C1=O,3.8379700000000008
"4,7-Methano-1H-indene, 2,2,4,5,6,7,8,8-octachloro-2,3,3a,4,7,7a-hexahydro- (9CI)",ClC1=C(Cl)C2(Cl)C3CC(Cl)(Cl)CC3C1(Cl)C2(Cl)Cl,2.7349000000000014
"2-Butene, 1,1,2,4-tetrachloro-",ClCC=C(Cl)C(Cl)Cl,2.6664499999999998
"Ethanol, 2-((2-amino-1-methylethyl)amino)-",CC(CN)NCCO,1.6914000000000002
"1-Triazene, 1-(1,1'-biphenyl)-4-yl-3,3-dimethyl- (9CI)",CN(C)N=Nc1ccc(-c2ccccc2)cc1,2.896660000000001
"Ethanol, 2,2'-oxybis-",OCCOCCO,1.14131519047619
"Benzimidazole, 4,5,7-trichloro-2-(trifluoromethyl)-",FC(F)(F)c1nc2c(Cl)c(Cl)cc(Cl)c2[nH]1,4.579239999999999
"1-Propanol, 2-phenoxy-",CC(CO)Oc1ccccc1,1.8858100000000004
"2,4(1H,3H)-Pyrimidinedione, 5-(bis(2-chloroethyl)amino)-6-methyl-",Cc1[nH]c(=O)[nH]c(=O)c1N(CCCl)CCCl,3.1897864166666663
"Ethanesulfonamide, 2-((((2-chloroethyl)nitrosoamino)carbonyl)amino)-N,N-dipropyl-",CCCN(CCC)S(=O)(=O)CCNC(=O)N(CCCl)N=O,3.375060000000003
"Cyclohexanol, 4-(1-methylethyl)-",CC(C)C1CCC(O)CC1,1.6564099999999997
"Benzene, 1-ethyl-4-methyl-",CCc1ccc(C)cc1,1.7126799999999995
"Benzenamine, 4-methyl-",Cc1ccc(N)cc1,2.59613
"Benzeneacetic acid, 4-(1,3-dihydro-1-oxo-2H-isoindol-2-yl)-alpha-ethyl-, (+-)-",CCC(C(=O)O)c1ccc(N2Cc3ccccc3C2=O)cc1,2.908089999999999
"2,4,6,8-Tetramethyl-1,3,5,7-tetraoxacyclooctane",CC1OC(C)OC(C)OC(C)O1,1.749260000000001
"Phosphoric acid, 1,6-dihydro-5-methoxy-1-methyl-6-oxo-4-pyridazinyl bis(1-methylethyl) ester",COc1c(OP(=O)(OC(C)C)OC(C)C)cnn(C)c1=O,4.146020000000003
"2,4-Pentanediol, 2-(p-chlorophenyl)-4-methyl-",CC(C)(O)CC(C)(O)c1ccc(Cl)cc1,2.4243900000000016
"Benzimidazole, 6-chloro-5-fluoro-2-(trifluoromethyl)-",Fc1cc2nc(C(F)(F)F)[nH]c2cc1Cl,4.4797099999999945
"Phosphonic acid, phenyl-",O=P(O)(O)c1ccccc1,2.1353099999999983
"Phosphonofluoridic acid, methyl-, 1,2,2-trimethylpropyl ester",CC(OP(C)(=O)F)C(C)(C)C,4.021020000000002
"Acetamide, N,N-dimethyl-",CC(=O)N(C)C,1.7974700000000012
"Benzimidazole, 4,5,7-trichloro-6-methyl-2-(trifluoromethyl)-",Cc1c(Cl)c(Cl)c2nc(C(F)(F)F)[nH]c2c1Cl,4.440489999999999
"2,5,8,10-Tetraoxatridec-12-enoic acid, 9-oxo-, 2-propenyl ester",C=CCOC(=O)OCCOCCOC(=O)OCC=C,2.492204523809524
"Methane, iodo-",CI,1.8159300000000007
"Cyclopropanecarboxylic acid, 2-(2,2-dichlorovinyl)-3,3-dimethyl-, ester with (4-fluoro-3-phenoxyphenyl)hydroxyacetonitrile",CC1(C)C(C=C(Cl)Cl)C1C(=O)OC(C#N)c1ccc(F)c(Oc2ccccc2)c1,3.2170916666666667
"1,2-Benzenedicarboxylic acid, butyl phenylmethyl ester",CCCCOC(=O)c1ccccc1C(=O)OCc1ccccc1,1.5073249999999985
"5H-Dibenz(b,f)azepine, 10,11-dihydro-5-(3-(methylamino)propyl)-",CNCCCN1c2ccccc2CCc2ccccc21,2.875290000000001
"Carbamic acid, methyl-, o-(2-propynyloxy)phenyl ester",C#CCOc1ccccc1OC(=O)NC,3.0776600000000007
"Ethanesulfonyl chloride, 2-chloro-",O=S(=O)(Cl)CCCl,3.110350000000001
"Phosphorothioic acid, O-(3,5-dichloro-4-nitrophenyl) O,O-dimethyl ester",COP(=S)(OC)Oc1cc(Cl)c([N+](=O)[O-])c(Cl)c1,2.60274
"1H-Imidazole, 1-(1-((4-chloro-2-(trifluoromethyl)phenyl)imino)-2-propoxyethyl)-",CCCOCC(=Nc1ccc(Cl)cc1C(F)(F)F)n1ccnc1,3.28849
"Phosphorodithioic acid, O,O-diethyl ester, S-ester with 2-mercaptoacetamide",CCOP(=S)(OCC)SCC(N)=O,4.03972
"Heptanoic acid, 7-chloro-",O=C(O)CCCCCCCl,1.7475045714285722
1H-Benzotriazole,c1ccc2[nH]nnc2c1,2.24405
"1H-1,2,4-Triazole, 4-phenyl-",c1ccc(-n2cnnc2)cc1,2.4552600000000004
"Phosphoramidothioic acid, (3-ethyl-4-methyl-2-oxazolidinylidene)-, O,S-dimethyl ester",CCN1C(=NP(=O)(OC)SC)OCC1C,4.773119999999999
"2(1H)-Quinolinone, 3,4-dihydro-6-(1-oxo-3-(4-phenyl-1-piperazinyl)propyl)-",O=C1CCc2cc(C(=O)CCN3CCN(c4ccccc4)CC3)ccc2N1,2.8947700000000007
"Cyclohexanone, 4-(1,1-dimethylethyl)-",CC(C)(C)C1CCC(=O)CC1,1.9798900000000001
"Ethanaminium, 2-(((hexadecyloxy)hydroxyphosphinyl)oxy)-N,N,N-trimethyl-, hydroxide, inner salt",CCCCCCCCCCCCCCCCOP(=O)([O-])OCC[N+](C)(C)C,1.6207600000000002
"Benzoic acid, 2-hydroxy-3,5-dinitro-",O=C(O)c1cc([N+](=O)[O-])cc([N+](=O)[O-])c1O,3.115570000000003
"3,5-Pyridinedicarboxylic acid, diisopropyl ester",CC(C)OC(=O)c1cncc(C(=O)OC(C)C)c1,2.0415299999999994
"(1)-alpha,alpha,4-Trimethylcyclohex-3-ene-1-methanol",CC1=CCC(C(C)(C)O)CC1,1.86358
5-(Aminomethyl)isoxazol-3-ol hydrate,NCc1cc(=O)[nH]o1,2.779519999999999
"Acetaldehyde, diethyl acetal",CCOC(C)OCC,1.533878
"3H-1,4-Benzodiazepin-2-amine, 7-chloro-N-(cyclopropylmethyl)-5-phenyl-, 4-oxide",[O-][N+]1=C(c2ccccc2)c2cc(Cl)ccc2N=C(NCC2CC2)C1,2.60937
"p-Toluidine, 2,6-dinitro-N-ethyl-N-(2-methyl-2-propenyl)-alpha,alpha,alpha-trifluoro-",C=C(C)CN(CC)c1c([N+](=O)[O-])cc(C(F)(F)F)cc1[N+](=O)[O-],2.1850500000000013
